id,race_id,bet_type,combination,payout,popularity
542837,202504010103,単勝,15,15000,
542861,202504010105,単勝,16,16000,
543121,202508020303,単勝,18,18000,
543157,202508020306,単勝,9,9000,
543432,202505020405,単勝,16,16000,
543598,202508020407,単勝,9,9000,
543656,202508020412,単勝,16,16000,
543716,202504010305,単勝,15,15000,
543752,202504010308,単勝,13,13000,
543787,202504010311,単勝,16,16000,
544060,202508020510,単勝,8,8000,
544155,202504010406,単勝,16,16000,
544203,202504010410,単勝,15,15000,
544405,202508020603,単勝,18,18000,
544441,202508020606,単勝,11,11000,
544464,202508020608,単勝,14,14000,
544536,202504010502,単勝,15,15000,
544751,202505020708,単勝,13,13000,
545291,202508020805,単勝,13,13000,
545339,202508020809,単勝,9,9000,
545450,202504010706,単勝,15,15000,
545822,202504010801,単勝,16,16000,
545870,202504010805,単勝,16,16000,
546275,202505021103,単勝,18,18000,
546465,202508021108,単勝,18,18000,
546609,202505021208,単勝,16,16000,
546681,202508021202,単勝,14,14000,
546813,202505030101,単勝,14,14000,
546825,202505030102,単勝,16,16000,
546945,202505030112,単勝,15,15000,
547328,202509030208,単勝,13,13000,
547340,202509030209,単勝,8,8000,
547375,202509030212,単勝,16,16000,
547711,202509030304,単勝,18,18000,
547828,202502010202,単勝,14,14000,
548092,202505030412,単勝,16,16000,
548331,202502010308,単勝,12,12000,
548401,202505030502,単勝,16,16000,
548557,202509030503,単勝,16,16000,
548641,202509030510,単勝,12,12000,
548917,202505030609,単勝,16,16000,
549603,202502010607,単勝,11,11000,
549615,202502010608,単勝,11,11000,
549639,202502010610,単勝,11,11000,
549829,202510020202,単勝,17,17000,
549971,202502010702,単勝,12,12000,
550029,202502010707,単勝,12,12000,
550064,202502010710,単勝,14,14000,
550230,202503020312,単勝,15,15000,
550370,202510020312,単勝,10,10000,
550607,202503020408,単勝,14,14000,
550818,202502010902,単勝,12,12000,
550948,202503020501,単勝,10,10000,
551032,202503020508,単勝,15,15000,
551104,202510020502,単勝,16,16000,
551258,202502011003,単勝,16,16000,
551364,202502011012,単勝,8,8000,
551507,202503020612,単勝,9,9000,
551613,202510020609,単勝,14,14000,
552223,202502011212,単勝,13,13000,
552269,202503020804,単勝,8,8000,
552316,202503020808,単勝,14,14000,
552376,202510020801,単勝,11,11000,
552567,202501010105,単勝,13,13000,
552719,202504020106,単勝,15,15000,
552827,202507030103,単勝,6,6000,
552930,202507030112,単勝,10,10000,
552990,202501010205,単勝,6,6000,
553000,202501010206,単勝,9,9000,
553185,202504020210,単勝,14,14000,
553221,202507030201,単勝,14,14000,
553502,202504020301,単勝,14,14000,
553646,202507030301,単勝,5,5000,
553810,202501010403,単勝,16,16000,
554068,202507030401,単勝,5,5000,
554183,202507030411,単勝,8,8000,
554374,202504020503,単勝,17,17000,
554434,202504020508,単勝,9,9000,
554494,202507030501,単勝,9,9000,
554542,202507030505,単勝,16,16000,
554588,202507030509,単勝,9,9000,
554816,202504020604,単勝,14,14000,
554864,202504020608,単勝,18,18000,
555078,202501010702,単勝,14,14000,
555162,202501010709,単勝,8,8000,
555257,202504020705,単勝,17,17000,
555281,202504020707,単勝,15,15000,
555365,202507030702,単勝,10,10000,
555437,202507030708,単勝,8,8000,
555863,202507030808,単勝,6,6000,
555897,202507030811,単勝,15,15000,
555921,202501020101,単勝,8,8000,
556028,202501020110,単勝,14,14000,
556132,202504030107,単勝,11,11000,
556144,202504030108,単勝,11,11000,
556251,202507040105,単勝,10,10000,
556332,202507040112,単勝,7,7000,
556402,202501020206,単勝,16,16000,
556580,202504030209,単勝,18,18000,
556675,202507040205,単勝,5,5000,
556932,202504030303,単勝,11,11000,
556944,202504030304,単勝,15,15000,
557004,202504030309,単勝,18,18000,
557052,202507040301,単勝,12,12000,
557124,202507040307,単勝,10,10000,
557195,202501020401,単勝,10,10000,
557635,202501020502,単勝,11,11000,
557695,202501020507,単勝,14,14000,
557920,202509040102,単勝,5,5000,
558026,202509040111,単勝,14,14000,
558265,202506040207,単勝,16,16000,
558473,202506040301,単勝,11,11000,
558569,202506040309,単勝,11,11000,
558628,202509040302,単勝,8,8000,
558851,202506040409,単勝,8,8000,
559028,202509040412,単勝,16,16000,
559100,202506040506,単勝,11,11000,
559263,202509040508,単勝,8,8000,
559274,202509040509,単勝,13,13000,
559536,202509040607,単勝,16,16000,
559580,202509040611,単勝,13,13000,
559819,202509040707,単勝,13,13000,
559855,202509040710,単勝,9,9000,
559867,202509040711,単勝,10,10000,
560011,202506040811,単勝,16,16000,
560166,202509040812,単勝,16,16000,
560297,202506040911,単勝,16,16000,
560357,202509040904,単勝,9,9000,
560429,202509040910,単勝,16,16000,
560501,202505040104,単勝,11,11000,
561049,202505040302,単勝,16,16000,
561145,202505040310,単勝,16,16000,
561367,202505040405,単勝,12,12000,
561509,202508030405,単勝,13,13000,
561746,202508030501,単勝,8,8000,
562173,202508030601,単勝,9,9000,
562243,202508030607,単勝,8,8000,
562372,202504040206,単勝,15,15000,
562396,202504040208,単勝,15,15000,
562503,202505040705,単勝,18,18000,
562692,202508030709,単勝,7,7000,
562906,202505040803,単勝,9,9000,
562989,202505040810,単勝,16,16000,
563025,202508030801,単勝,14,14000,
563037,202508030802,単勝,11,11000,
563288,202504040411,単勝,17,17000,
563471,202508030902,単勝,10,10000,
563879,202508031012,単勝,15,15000,
563903,202505041102,単勝,14,14000,
564021,202505041112,単勝,13,13000,
564202,202503030103,単勝,15,15000,
564286,202503030110,単勝,16,16000,
564573,202508040110,単勝,12,12000,
564600,202508040112,単勝,14,14000,
564672,202503030206,単勝,15,15000,
564768,202505050202,単勝,16,16000,
564862,202505050210,単勝,12,12000,
564992,202508040209,単勝,8,8000,
565099,202503030306,単勝,16,16000,
565147,202503030310,単勝,15,15000,
565303,202505050311,単勝,16,16000,
565433,202508040310,単勝,16,16000,
565648,202505050404,単勝,16,16000,
565672,202505050406,単勝,16,16000,
566346,202508040602,単勝,13,13000,
566464,202508040612,単勝,16,16000,
566476,202503030601,単勝,16,16000,
566524,202503030605,単勝,16,16000,
567064,202505050802,単勝,13,13000,
567088,202505050804,単勝,13,13000,
567279,202508040808,単勝,8,8000,
567290,202508040809,単勝,11,11000,
567482,202507050101,単勝,16,16000,
568006,202507050209,単勝,16,16000,
568184,202509050212,単勝,17,17000,
568448,202507050310,単勝,16,16000,
568520,202509050304,単勝,12,12000,
568721,202506050409,単勝,12,12000,
568853,202507050408,単勝,16,16000,
568971,202509050406,単勝,7,7000,
569101,202506050505,単勝,17,17000,
569425,202509050508,単勝,13,13000,
569532,202506050605,単勝,16,16000,
569592,202506050610,単勝,15,15000,
569928,202506050702,単勝,16,16000,
570048,202506050712,単勝,14,14000,
570132,202509050707,単勝,15,15000,
570156,202509050709,単勝,10,10000,
570204,202506050801,単勝,16,16000,
570420,202509050807,単勝,16,16000,
587628,202504010101,単勝,14,14000,
587636,202504010102,単勝,15,15000,
587654,202504010104,単勝,14,14000,
587672,202504010106,単勝,16,16000,
587680,202504010107,単勝,11,11000,
587697,202504010109,単勝,15,15000,
587707,202504010110,単勝,10,10000,
587716,202504010111,単勝,15,15000,
587723,202504010112,単勝,16,16000,
587731,202505020301,単勝,16,16000,
587738,202505020302,単勝,16,16000,
587746,202505020303,単勝,14,14000,
587754,202505020304,単勝,12,12000,
587762,202505020305,単勝,9,9000,
587770,202505020306,単勝,6,6000,
587777,202505020307,単勝,16,16000,
587785,202505020308,単勝,7,7000,
587792,202505020309,単勝,16,16000,
587800,202505020310,単勝,13,13000,
587808,202505020311,単勝,12,12000,
587816,202505020312,単勝,14,14000,
587834,202508020302,単勝,16,16000,
587851,202508020304,単勝,16,16000,
587859,202508020305,単勝,12,12000,
587876,202508020307,単勝,8,8000,
587883,202508020308,単勝,14,14000,
587891,202508020309,単勝,6,6000,
587897,202508020310,単勝,8,8000,
587904,202508020311,単勝,13,13000,
587912,202508020312,単勝,16,16000,
587921,202504010201,単勝,16,16000,
587928,202504010202,単勝,15,15000,
587936,202504010203,単勝,15,15000,
587944,202504010204,単勝,14,14000,
587952,202504010205,単勝,16,16000,
587961,202504010206,単勝,12,12000,
587970,202504010207,単勝,14,14000,
587979,202504010208,単勝,9,9000,
587997,202504010210,単勝,16,16000,
588006,202504010211,単勝,15,15000,
588016,202504010212,単勝,13,13000,
588024,202505020401,単勝,15,15000,
588033,202505020402,単勝,16,16000,
588041,202505020403,単勝,16,16000,
588049,202505020404,単勝,15,15000,
588068,202505020406,単勝,16,16000,
588077,202505020407,単勝,10,10000,
588087,202505020408,単勝,9,9000,
588095,202505020409,単勝,13,13000,
588103,202505020410,単勝,16,16000,
588112,202505020411,単勝,14,14000,
588121,202505020412,単勝,16,16000,
588131,202508020401,単勝,16,16000,
588140,202508020402,単勝,14,14000,
588148,202508020403,単勝,18,18000,
588157,202508020404,単勝,13,13000,
588164,202508020405,単勝,15,15000,
588172,202508020406,単勝,7,7000,
588187,202508020408,単勝,7,7000,
588193,202508020409,単勝,10,10000,
588201,202508020410,単勝,13,13000,
588209,202508020411,単勝,15,15000,
588225,202504010301,単勝,14,14000,
588233,202504010302,単勝,15,15000,
588242,202504010303,単勝,15,15000,
588269,202504010306,単勝,16,16000,
588277,202504010307,単勝,11,11000,
588292,202504010309,単勝,8,8000,
588300,202504010310,単勝,15,15000,
588318,202504010312,単勝,14,14000,
588326,202505020501,単勝,16,16000,
588334,202505020502,単勝,14,14000,
588342,202505020503,単勝,15,15000,
588350,202505020504,単勝,8,8000,
588357,202505020505,単勝,16,16000,
588365,202505020506,単勝,9,9000,
588372,202505020507,単勝,16,16000,
588380,202505020508,単勝,12,12000,
588388,202505020509,単勝,15,15000,
588397,202505020510,単勝,11,11000,
588405,202505020511,単勝,18,18000,
588414,202505020512,単勝,16,16000,
588422,202508020501,単勝,16,16000,
588430,202508020502,単勝,16,16000,
588439,202508020503,単勝,18,18000,
588448,202508020504,単勝,12,12000,
588456,202508020505,単勝,15,15000,
588464,202508020506,単勝,16,16000,
588473,202508020507,単勝,11,11000,
588482,202508020508,単勝,8,8000,
588489,202508020509,単勝,8,8000,
588502,202508020511,単勝,10,10000,
588511,202508020512,単勝,10,10000,
588519,202504010401,単勝,15,15000,
588527,202504010402,単勝,15,15000,
588535,202504010403,単勝,14,14000,
588543,202504010404,単勝,14,14000,
588550,202504010405,単勝,16,16000,
588567,202504010407,単勝,15,15000,
588576,202504010408,単勝,13,13000,
588602,202504010411,単勝,14,14000,
588610,202504010412,単勝,16,16000,
588618,202505020601,単勝,14,14000,
588626,202505020602,単勝,16,16000,
588634,202505020603,単勝,12,12000,
588642,202505020604,単勝,16,16000,
588661,202505020606,単勝,12,12000,
588670,202505020607,単勝,5,5000,
588687,202505020609,単勝,16,16000,
588695,202505020610,単勝,10,10000,
588703,202505020611,単勝,18,18000,
588713,202505020612,単勝,16,16000,
588721,202508020601,単勝,16,16000,
588728,202508020602,単勝,16,16000,
588746,202508020604,単勝,16,16000,
588754,202508020605,単勝,12,12000,
588771,202508020607,単勝,8,8000,
588787,202508020609,単勝,14,14000,
588794,202508020610,単勝,11,11000,
588803,202508020611,単勝,16,16000,
588811,202508020612,単勝,16,16000,
588818,202504010501,単勝,15,15000,
588834,202504010503,単勝,16,16000,
588843,202504010504,単勝,12,12000,
588851,202504010505,単勝,16,16000,
588858,202504010506,単勝,16,16000,
588865,202504010507,単勝,10,10000,
588873,202504010508,単勝,16,16000,
588880,202504010509,単勝,9,9000,
588899,202504010511,単勝,16,16000,
588908,202504010512,単勝,15,15000,
588918,202505020701,単勝,16,16000,
588926,202505020702,単勝,16,16000,
588934,202505020703,単勝,16,16000,
588941,202505020704,単勝,15,15000,
588948,202505020705,単勝,18,18000,
588956,202505020706,単勝,8,8000,
588963,202505020707,単勝,14,14000,
588979,202505020709,単勝,9,9000,
588987,202505020710,単勝,12,12000,
588995,202505020711,単勝,12,12000,
589002,202505020712,単勝,14,14000,
589020,202508020702,単勝,10,10000,
589028,202508020703,単勝,17,17000,
589036,202508020704,単勝,16,16000,
589045,202508020705,単勝,15,15000,
589052,202508020706,単勝,14,14000,
589060,202508020707,単勝,13,13000,
589068,202508020708,単勝,10,10000,
589076,202508020709,単勝,10,10000,
589084,202508020710,単勝,16,16000,
589093,202508020711,単勝,11,11000,
589101,202508020712,単勝,10,10000,
589109,202504010601,単勝,16,16000,
589118,202504010602,単勝,15,15000,
589126,202504010603,単勝,13,13000,
589134,202504010604,単勝,13,13000,
589153,202504010606,単勝,14,14000,
589162,202504010607,単勝,13,13000,
589170,202504010608,単勝,14,14000,
589178,202504010609,単勝,16,16000,
589186,202504010610,単勝,10,10000,
589195,202504010611,単勝,16,16000,
589203,202504010612,単勝,15,15000,
589213,202505020801,単勝,16,16000,
589221,202505020802,単勝,16,16000,
589229,202505020803,単勝,14,14000,
589238,202505020804,単勝,14,14000,
589247,202505020805,単勝,13,13000,
589256,202505020806,単勝,16,16000,
589264,202505020807,単勝,10,10000,
589272,202505020808,単勝,9,9000,
589280,202505020809,単勝,9,9000,
589288,202505020810,単勝,16,16000,
589304,202505020812,単勝,16,16000,
589314,202508020801,単勝,16,16000,
589331,202508020803,単勝,16,16000,
589341,202508020804,単勝,12,12000,
589357,202508020806,単勝,16,16000,
589365,202508020807,単勝,10,10000,
589373,202508020808,単勝,10,10000,
589389,202508020810,単勝,12,12000,
589397,202508020811,単勝,16,16000,
589406,202508020812,単勝,16,16000,
589415,202504010701,単勝,14,14000,
589423,202504010702,単勝,15,15000,
589431,202504010703,単勝,15,15000,
589439,202504010704,単勝,13,13000,
589447,202504010705,単勝,16,16000,
589463,202504010707,単勝,16,16000,
589472,202504010708,単勝,15,15000,
589480,202504010709,単勝,15,15000,
589490,202504010710,単勝,16,16000,
589500,202504010711,単勝,16,16000,
589518,202505020901,単勝,16,16000,
589526,202505020902,単勝,16,16000,
589534,202505020903,単勝,16,16000,
589542,202505020904,単勝,18,18000,
589549,202505020905,単勝,17,17000,
589565,202505020907,単勝,13,13000,
589575,202505020908,単勝,16,16000,
589583,202505020909,単勝,9,9000,
589591,202505020910,単勝,12,12000,
589599,202505020911,単勝,16,16000,
589607,202505020912,単勝,14,14000,
589615,202508020901,単勝,16,16000,
589623,202508020902,単勝,16,16000,
589642,202508020904,単勝,18,18000,
589650,202508020905,単勝,16,16000,
589658,202508020906,単勝,9,9000,
589666,202508020907,単勝,12,12000,
589674,202508020908,単勝,16,16000,
589682,202508020909,単勝,13,13000,
589690,202508020910,単勝,8,8000,
589696,202508020911,単勝,16,16000,
589703,202508020912,単勝,13,13000,
589719,202504010802,単勝,15,15000,
589726,202504010803,単勝,15,15000,
589734,202504010804,単勝,14,14000,
589751,202504010806,単勝,16,16000,
589761,202504010807,単勝,15,15000,
589771,202504010808,単勝,16,16000,
589787,202504010810,単勝,15,15000,
589795,202504010811,単勝,16,16000,
589803,202504010812,単勝,15,15000,
589811,202505021001,単勝,16,16000,
589819,202505021002,単勝,16,16000,
589828,202505021003,単勝,16,16000,
589836,202505021004,単勝,18,18000,
589846,202505021005,単勝,17,17000,
589854,202505021006,単勝,9,9000,
589862,202505021007,単勝,8,8000,
589869,202505021008,単勝,16,16000,
589879,202505021009,単勝,9,9000,
589887,202505021010,単勝,9,9000,
589894,202505021011,単勝,18,18000,
589902,202505021012,単勝,16,16000,
589911,202508021001,単勝,16,16000,
589919,202508021002,単勝,16,16000,
589927,202508021003,単勝,14,14000,
589936,202508021004,単勝,18,18000,
589944,202508021005,単勝,14,14000,
589952,202508021006,単勝,13,13000,
589960,202508021007,単勝,16,16000,
589968,202508021008,単勝,7,7000,
589975,202508021009,単勝,18,18000,
589984,202508021010,単勝,16,16000,
589992,202508021011,単勝,17,17000,
590002,202508021012,単勝,9,9000,
590010,202505021101,単勝,16,16000,
590018,202505021102,単勝,16,16000,
590035,202505021104,単勝,14,14000,
590043,202505021105,単勝,16,16000,
590051,202505021106,単勝,10,10000,
590059,202505021107,単勝,11,11000,
590067,202505021108,単勝,16,16000,
590076,202505021110,単勝,16,16000,
590085,202505021111,単勝,16,16000,
590093,202505021112,単勝,15,15000,
590103,202508021101,単勝,16,16000,
590111,202508021102,単勝,16,16000,
590119,202508021103,単勝,15,15000,
590138,202508021105,単勝,18,18000,
590147,202508021106,単勝,16,16000,
590155,202508021107,単勝,6,6000,
590171,202508021109,単勝,9,9000,
590180,202508021110,単勝,16,16000,
590188,202508021111,単勝,16,16000,
590198,202508021112,単勝,13,13000,
590205,202505021201,単勝,16,16000,
590222,202505021203,単勝,16,16000,
590240,202505021205,単勝,11,11000,
590248,202505021206,単勝,16,16000,
590256,202505021207,単勝,16,16000,
590272,202505021209,単勝,16,16000,
590279,202505021210,単勝,18,18000,
590287,202505021211,単勝,18,18000,
590295,202505021212,単勝,18,18000,
590321,202508021203,単勝,18,18000,
590329,202508021204,単勝,12,12000,
590337,202508021205,単勝,13,13000,
590345,202508021206,単勝,14,14000,
590352,202508021207,単勝,12,12000,
590360,202508021208,単勝,16,16000,
590367,202508021209,単勝,14,14000,
590374,202508021210,単勝,16,16000,
590383,202508021211,単勝,11,11000,
590391,202508021212,単勝,14,14000,
590415,202505030103,単勝,16,16000,
590423,202505030104,単勝,14,14000,
590440,202505030106,単勝,16,16000,
590449,202505030107,単勝,18,18000,
590457,202505030108,単勝,16,16000,
590466,202505030109,単勝,12,12000,
590474,202505030110,単勝,15,15000,
590484,202505030111,単勝,16,16000,
590500,202509030101,単勝,15,15000,
590508,202509030102,単勝,16,16000,
590516,202509030103,単勝,16,16000,
590524,202509030104,単勝,16,16000,
590532,202509030105,単勝,8,8000,
590539,202509030106,単勝,13,13000,
590547,202509030107,単勝,10,10000,
590555,202509030108,単勝,9,9000,
590564,202509030109,単勝,10,10000,
590572,202509030110,単勝,9,9000,
590579,202509030111,単勝,15,15000,
590587,202509030112,単勝,16,16000,
590595,202505030201,単勝,16,16000,
590603,202505030202,単勝,16,16000,
590619,202505030204,単勝,16,16000,
590636,202505030206,単勝,17,17000,
590643,202505030207,単勝,16,16000,
590651,202505030208,単勝,18,18000,
590659,202505030209,単勝,12,12000,
590667,202505030210,単勝,16,16000,
590675,202505030211,単勝,18,18000,
590683,202505030212,単勝,14,14000,
590692,202509030201,単勝,11,11000,
590700,202509030202,単勝,14,14000,
590708,202509030203,単勝,16,16000,
590716,202509030204,単勝,15,15000,
590724,202509030205,単勝,11,11000,
590732,202509030206,単勝,18,18000,
590740,202509030207,単勝,18,18000,
590764,202509030210,単勝,16,16000,
590773,202509030211,単勝,16,16000,
590790,202502010101,単勝,16,16000,
590798,202502010102,単勝,14,14000,
590806,202502010103,単勝,12,12000,
590814,202502010104,単勝,15,15000,
590822,202502010105,単勝,12,12000,
590830,202502010106,単勝,14,14000,
590838,202502010107,単勝,14,14000,
590846,202502010108,単勝,12,12000,
590864,202502010110,単勝,16,16000,
590873,202502010111,単勝,16,16000,
590881,202502010112,単勝,14,14000,
590889,202505030301,単勝,16,16000,
590895,202505030302,単勝,11,11000,
590903,202505030303,単勝,16,16000,
590913,202505030304,単勝,12,12000,
590921,202505030305,単勝,11,11000,
590929,202505030306,単勝,10,10000,
590938,202505030307,単勝,16,16000,
590947,202505030308,単勝,18,18000,
590956,202505030309,単勝,16,16000,
590965,202505030310,単勝,16,16000,
590975,202505030311,単勝,15,15000,
590984,202505030312,単勝,16,16000,
590992,202509030301,単勝,16,16000,
591000,202509030302,単勝,16,16000,
591009,202509030303,単勝,16,16000,
591025,202509030305,単勝,8,8000,
591031,202509030306,単勝,18,18000,
591039,202509030307,単勝,16,16000,
591048,202509030308,単勝,6,6000,
591055,202509030309,単勝,13,13000,
591063,202509030310,単勝,16,16000,
591080,202509030312,単勝,16,16000,
591087,202502010201,単勝,16,16000,
591103,202502010203,単勝,12,12000,
591111,202502010204,単勝,10,10000,
591119,202502010205,単勝,9,9000,
591135,202502010207,単勝,9,9000,
591143,202502010208,単勝,13,13000,
591150,202502010209,単勝,13,13000,
591157,202502010210,単勝,14,14000,
591167,202502010211,単勝,14,14000,
591175,202502010212,単勝,11,11000,
591183,202505030401,単勝,16,16000,
591192,202505030402,単勝,16,16000,
591199,202505030403,単勝,16,16000,
591207,202505030404,単勝,18,18000,
591217,202505030405,単勝,10,10000,
591225,202505030406,単勝,16,16000,
591234,202505030407,単勝,14,14000,
591243,202505030408,単勝,16,16000,
591250,202505030409,単勝,10,10000,
591258,202505030410,単勝,15,15000,
591266,202505030411,単勝,14,14000,
591284,202509030401,単勝,16,16000,
591291,202509030402,単勝,14,14000,
591299,202509030403,単勝,18,18000,
591307,202509030404,単勝,15,15000,
591315,202509030405,単勝,8,8000,
591322,202509030406,単勝,16,16000,
591330,202509030407,単勝,10,10000,
591338,202509030408,単勝,16,16000,
591347,202509030409,単勝,15,15000,
591355,202509030410,単勝,18,18000,
591363,202509030411,単勝,17,17000,
591372,202509030412,単勝,16,16000,
591382,202502010301,単勝,16,16000,
591392,202502010302,単勝,12,12000,
591399,202502010303,単勝,13,13000,
591407,202502010304,単勝,16,16000,
591415,202502010305,単勝,15,15000,
591423,202502010306,単勝,9,9000,
591431,202502010307,単勝,16,16000,
591447,202502010309,単勝,10,10000,
591455,202502010310,単勝,8,8000,
591462,202502010311,単勝,15,15000,
591470,202502010312,単勝,8,8000,
591477,202505030501,単勝,16,16000,
591494,202505030503,単勝,16,16000,
591502,202505030504,単勝,16,16000,
591510,202505030505,単勝,12,12000,
591519,202505030506,単勝,16,16000,
591527,202505030507,単勝,16,16000,
591534,202505030508,単勝,16,16000,
591542,202505030509,単勝,9,9000,
591550,202505030510,単勝,14,14000,
591558,202505030511,単勝,11,11000,
591566,202505030512,単勝,16,16000,
591574,202509030501,単勝,12,12000,
591583,202509030502,単勝,16,16000,
591599,202509030504,単勝,13,13000,
591607,202509030505,単勝,12,12000,
591624,202509030507,単勝,10,10000,
591634,202509030508,単勝,16,16000,
591642,202509030509,単勝,13,13000,
591660,202509030511,単勝,16,16000,
591668,202509030512,単勝,14,14000,
591688,202502010402,単勝,14,14000,
591696,202502010403,単勝,12,12000,
591704,202502010404,単勝,16,16000,
591714,202502010405,単勝,12,12000,
591721,202502010406,単勝,11,11000,
591728,202502010407,単勝,13,13000,
591738,202502010408,単勝,11,11000,
591746,202502010409,単勝,10,10000,
591754,202502010410,単勝,14,14000,
591762,202502010411,単勝,15,15000,
591772,202502010412,単勝,12,12000,
591780,202505030601,単勝,12,12000,
591788,202505030602,単勝,16,16000,
591797,202505030603,単勝,16,16000,
591804,202505030604,単勝,16,16000,
591811,202505030605,単勝,16,16000,
591820,202505030606,単勝,16,16000,
591829,202505030607,単勝,16,16000,
591839,202505030608,単勝,15,15000,
591857,202505030610,単勝,16,16000,
591867,202505030611,単勝,14,14000,
591875,202505030612,単勝,16,16000,
591883,202509030601,単勝,16,16000,
591891,202509030602,単勝,14,14000,
591899,202509030603,単勝,18,18000,
591907,202509030604,単勝,15,15000,
591914,202509030605,単勝,10,10000,
591922,202509030606,単勝,16,16000,
591931,202509030607,単勝,9,9000,
591939,202509030608,単勝,16,16000,
591948,202509030609,単勝,9,9000,
591957,202509030610,単勝,16,16000,
591966,202509030611,単勝,14,14000,
591973,202509030612,単勝,15,15000,
591982,202502010501,単勝,15,15000,
591990,202502010502,単勝,12,12000,
591998,202502010503,単勝,14,14000,
592006,202502010504,単勝,13,13000,
592014,202502010505,単勝,16,16000,
592021,202502010506,単勝,12,12000,
592029,202502010507,単勝,16,16000,
592037,202502010508,単勝,12,12000,
592046,202502010509,単勝,8,8000,
592053,202502010510,単勝,16,16000,
592061,202502010511,単勝,16,16000,
592071,202502010512,単勝,14,14000,
592079,202503020101,単勝,10,10000,
592087,202503020102,単勝,16,16000,
592095,202503020103,単勝,15,15000,
592104,202503020104,単勝,16,16000,
592112,202503020105,単勝,8,8000,
592119,202503020106,単勝,11,11000,
592127,202503020107,単勝,7,7000,
592134,202503020108,単勝,16,16000,
592141,202503020109,単勝,8,8000,
592149,202503020110,単勝,14,14000,
592157,202503020111,単勝,16,16000,
592165,202503020112,単勝,15,15000,
592174,202510020101,単勝,12,12000,
592183,202510020102,単勝,6,6000,
592191,202510020103,単勝,16,16000,
592200,202510020104,単勝,16,16000,
592208,202510020105,単勝,14,14000,
592216,202510020106,単勝,14,14000,
592225,202510020107,単勝,15,15000,
592244,202510020109,単勝,8,8000,
592252,202510020110,単勝,6,6000,
592259,202510020111,単勝,16,16000,
592267,202510020112,単勝,14,14000,
592273,202502010601,単勝,12,12000,
592282,202502010602,単勝,12,12000,
592291,202502010603,単勝,12,12000,
592299,202502010604,単勝,9,9000,
592307,202502010605,単勝,12,12000,
592316,202502010606,単勝,16,16000,
592341,202502010609,単勝,10,10000,
592356,202502010611,単勝,14,14000,
592365,202502010612,単勝,14,14000,
592374,202503020201,単勝,15,15000,
592382,202503020202,単勝,16,16000,
592392,202503020203,単勝,15,15000,
592400,202503020204,単勝,15,15000,
592408,202503020205,単勝,13,13000,
592415,202503020206,単勝,7,7000,
592422,202503020207,単勝,16,16000,
592430,202503020208,単勝,9,9000,
592440,202503020209,単勝,11,11000,
592448,202503020210,単勝,15,15000,
592456,202503020211,単勝,14,14000,
592463,202503020212,単勝,14,14000,
592472,202510020201,単勝,12,12000,
592488,202510020203,単勝,16,16000,
592496,202510020204,単勝,16,16000,
592504,202510020205,単勝,17,17000,
592512,202510020206,単勝,10,10000,
592520,202510020207,単勝,18,18000,
592528,202510020208,単勝,14,14000,
592536,202510020209,単勝,8,8000,
592543,202510020210,単勝,15,15000,
592552,202510020211,単勝,13,13000,
592558,202510020212,単勝,16,16000,
592566,202502010701,単勝,8,8000,
592581,202502010703,単勝,13,13000,
592590,202502010704,単勝,9,9000,
592599,202502010705,単勝,7,7000,
592606,202502010706,単勝,12,12000,
592622,202502010708,単勝,9,9000,
592630,202502010709,単勝,8,8000,
592645,202502010711,単勝,14,14000,
592653,202502010712,単勝,13,13000,
592660,202503020301,単勝,10,10000,
592667,202503020302,単勝,15,15000,
592676,202503020303,単勝,9,9000,
592684,202503020304,単勝,9,9000,
592692,202503020305,単勝,7,7000,
592699,202503020306,単勝,14,14000,
592709,202503020307,単勝,16,16000,
592718,202503020308,単勝,16,16000,
592727,202503020309,単勝,10,10000,
592734,202503020310,単勝,15,15000,
592742,202503020311,単勝,16,16000,
592758,202510020301,単勝,5,5000,
592765,202510020302,単勝,16,16000,
592775,202510020303,単勝,18,18000,
592783,202510020304,単勝,14,14000,
592791,202510020305,単勝,8,8000,
592798,202510020306,単勝,16,16000,
592808,202510020307,単勝,16,16000,
592816,202510020308,単勝,9,9000,
592824,202510020309,単勝,8,8000,
592831,202510020310,単勝,11,11000,
592839,202510020311,単勝,11,11000,
592857,202502010801,単勝,10,10000,
592865,202502010802,単勝,12,12000,
592873,202502010803,単勝,13,13000,
592882,202502010804,単勝,15,15000,
592890,202502010805,単勝,6,6000,
592897,202502010806,単勝,12,12000,
592904,202502010807,単勝,12,12000,
592912,202502010808,単勝,13,13000,
592919,202502010809,単勝,11,11000,
592927,202502010810,単勝,10,10000,
592936,202502010811,単勝,10,10000,
592944,202502010812,単勝,10,10000,
592952,202503020401,単勝,14,14000,
592961,202503020402,単勝,15,15000,
592969,202503020403,単勝,16,16000,
592978,202503020404,単勝,11,11000,
592987,202503020405,単勝,8,8000,
592994,202503020406,単勝,16,16000,
593002,202503020407,単勝,16,16000,
593018,202503020409,単勝,16,16000,
593025,202503020410,単勝,16,16000,
593033,202503020411,単勝,15,15000,
593041,202503020412,単勝,15,15000,
593049,202510020401,単勝,16,16000,
593058,202510020402,単勝,16,16000,
593067,202510020403,単勝,18,18000,
593075,202510020404,単勝,18,18000,
593083,202510020405,単勝,9,9000,
593091,202510020406,単勝,5,5000,
593098,202510020407,単勝,9,9000,
593106,202510020408,単勝,14,14000,
593114,202510020409,単勝,8,8000,
593121,202510020410,単勝,7,7000,
593127,202510020411,単勝,18,18000,
593135,202510020412,単勝,16,16000,
593143,202502010901,単勝,14,14000,
593169,202502010904,単勝,14,14000,
593177,202502010905,単勝,7,7000,
593184,202502010906,単勝,16,16000,
593192,202502010907,単勝,10,10000,
593200,202502010908,単勝,11,11000,
593209,202502010909,単勝,11,11000,
593218,202502010910,単勝,11,11000,
593226,202502010911,単勝,14,14000,
593234,202502010912,単勝,12,12000,
593250,202503020502,単勝,15,15000,
593258,202503020503,単勝,16,16000,
593266,202503020504,単勝,16,16000,
593274,202503020505,単勝,11,11000,
593282,202503020506,単勝,14,14000,
593308,202503020509,単勝,12,12000,
593317,202503020510,単勝,9,9000,
593324,202503020511,単勝,14,14000,
593333,202503020512,単勝,15,15000,
593343,202510020501,単勝,10,10000,
593359,202510020503,単勝,14,14000,
593367,202510020504,単勝,7,7000,
593374,202510020505,単勝,12,12000,
593382,202510020506,単勝,18,18000,
593390,202510020507,単勝,18,18000,
593399,202510020508,単勝,16,16000,
593409,202510020509,単勝,11,11000,
593417,202510020510,単勝,13,13000,
593425,202510020511,単勝,10,10000,
593435,202510020512,単勝,17,17000,
593445,202502011001,単勝,12,12000,
593474,202502011004,単勝,13,13000,
593482,202502011005,単勝,7,7000,
593489,202502011006,単勝,15,15000,
593499,202502011007,単勝,14,14000,
593506,202502011008,単勝,12,12000,
593524,202502011010,単勝,12,12000,
593533,202502011011,単勝,12,12000,
593549,202503020601,単勝,9,9000,
593557,202503020602,単勝,15,15000,
593566,202503020603,単勝,16,16000,
593574,202503020604,単勝,16,16000,
593583,202503020605,単勝,15,15000,
593591,202503020606,単勝,15,15000,
593599,202503020607,単勝,15,15000,
593606,202503020608,単勝,15,15000,
593614,202503020609,単勝,13,13000,
593624,202503020610,単勝,15,15000,
593633,202503020611,単勝,15,15000,
593649,202510020601,単勝,12,12000,
593658,202510020602,単勝,18,18000,
593667,202510020603,単勝,16,16000,
593675,202510020604,単勝,16,16000,
593683,202510020605,単勝,8,8000,
593689,202510020606,単勝,8,8000,
593696,202510020607,単勝,16,16000,
593704,202510020608,単勝,16,16000,
593721,202510020610,単勝,9,9000,
593729,202510020611,単勝,16,16000,
593749,202502011101,単勝,11,11000,
593757,202502011102,単勝,12,12000,
593765,202502011103,単勝,12,12000,
593773,202502011104,単勝,15,15000,
593780,202502011105,単勝,16,16000,
593798,202502011107,単勝,16,16000,
593806,202502011108,単勝,10,10000,
593814,202502011109,単勝,14,14000,
593821,202502011110,単勝,14,14000,
593829,202502011111,単勝,14,14000,
593837,202502011112,単勝,16,16000,
593844,202503020701,単勝,8,8000,
593850,202503020702,単勝,15,15000,
593858,202503020703,単勝,10,10000,
593866,202503020704,単勝,16,16000,
593874,202503020705,単勝,16,16000,
593881,202503020706,単勝,14,14000,
593891,202503020707,単勝,16,16000,
593901,202503020708,単勝,16,16000,
593910,202503020709,単勝,8,8000,
593917,202503020710,単勝,16,16000,
593935,202503020712,単勝,11,11000,
593944,202510020701,単勝,10,10000,
593952,202510020702,単勝,14,14000,
593960,202510020703,単勝,18,18000,
593970,202510020704,単勝,16,16000,
593979,202510020705,単勝,9,9000,
593987,202510020706,単勝,16,16000,
593995,202510020707,単勝,9,9000,
594003,202510020708,単勝,10,10000,
594011,202510020709,単勝,18,18000,
594019,202510020710,単勝,16,16000,
594027,202510020711,単勝,17,17000,
594037,202510020712,単勝,16,16000,
594045,202502011201,単勝,16,16000,
594053,202502011202,単勝,13,13000,
594061,202502011203,単勝,14,14000,
594070,202502011204,単勝,14,14000,
594079,202502011205,単勝,9,9000,
594087,202502011206,単勝,16,16000,
594095,202502011207,単勝,12,12000,
594103,202502011208,単勝,9,9000,
594110,202502011209,単勝,13,13000,
594118,202502011210,単勝,12,12000,
594126,202502011211,単勝,12,12000,
594143,202503020801,単勝,14,14000,
594151,202503020802,単勝,15,15000,
594159,202503020803,単勝,6,6000,
594173,202503020805,単勝,13,13000,
594182,202503020806,単勝,14,14000,
594190,202503020807,単勝,15,15000,
594206,202503020809,単勝,11,11000,
594214,202503020810,単勝,10,10000,
594222,202503020811,単勝,13,13000,
594231,202503020812,単勝,15,15000,
594246,202510020802,単勝,18,18000,
594254,202510020803,単勝,16,16000,
594262,202510020804,単勝,18,18000,
594270,202510020805,単勝,13,13000,
594278,202510020806,単勝,9,9000,
594286,202510020807,単勝,10,10000,
594296,202510020808,単勝,12,12000,
594304,202510020809,単勝,8,8000,
594311,202510020810,単勝,13,13000,
594319,202510020811,単勝,16,16000,
594328,202510020812,単勝,18,18000,
594336,202501010101,単勝,12,12000,
594344,202501010102,単勝,12,12000,
594352,202501010103,単勝,14,14000,
594359,202501010104,単勝,14,14000,
594385,202501010107,単勝,8,8000,
594392,202501010108,単勝,5,5000,
594398,202501010109,単勝,13,13000,
594407,202501010110,単勝,13,13000,
594415,202501010111,単勝,12,12000,
594422,202501010112,単勝,14,14000,
594430,202504020101,単勝,8,8000,
594437,202504020102,単勝,12,12000,
594447,202504020103,単勝,18,18000,
594455,202504020104,単勝,15,15000,
594463,202504020105,単勝,18,18000,
594479,202504020107,単勝,10,10000,
594487,202504020108,単勝,14,14000,
594494,202504020109,単勝,14,14000,
594503,202504020110,単勝,14,14000,
594513,202504020111,単勝,14,14000,
594523,202504020112,単勝,17,17000,
594532,202507030101,単勝,14,14000,
594542,202507030102,単勝,16,16000,
594558,202507030104,単勝,11,11000,
594566,202507030105,単勝,16,16000,
594574,202507030106,単勝,16,16000,
594583,202507030107,単勝,10,10000,
594591,202507030108,単勝,7,7000,
594598,202507030109,単勝,8,8000,
594605,202507030110,単勝,11,11000,
594615,202507030111,単勝,14,14000,
594631,202501010201,単勝,14,14000,
594640,202501010202,単勝,14,14000,
594647,202501010203,単勝,14,14000,
594655,202501010204,単勝,9,9000,
594678,202501010207,単勝,13,13000,
594687,202501010208,単勝,8,8000,
594702,202501010210,単勝,8,8000,
594709,202501010211,単勝,10,10000,
594716,202501010212,単勝,8,8000,
594722,202504020201,単勝,7,7000,
594729,202504020202,単勝,6,6000,
594736,202504020203,単勝,9,9000,
594743,202504020204,単勝,15,15000,
594751,202504020205,単勝,15,15000,
594759,202504020206,単勝,11,11000,
594767,202504020207,単勝,18,18000,
594777,202504020208,単勝,15,15000,
594784,202504020209,単勝,13,13000,
594799,202504020211,単勝,16,16000,
594808,202504020212,単勝,16,16000,
594824,202507030202,単勝,16,16000,
594832,202507030203,単勝,6,6000,
594839,202507030204,単勝,16,16000,
594847,202507030205,単勝,18,18000,
594855,202507030206,単勝,10,10000,
594863,202507030207,単勝,16,16000,
594870,202507030208,単勝,7,7000,
594877,202507030209,単勝,9,9000,
594885,202507030210,単勝,12,12000,
594893,202507030211,単勝,11,11000,
594900,202507030212,単勝,9,9000,
594906,202501010301,単勝,8,8000,
594911,202501010302,単勝,12,12000,
594919,202501010303,単勝,14,14000,
594927,202501010304,単勝,16,16000,
594934,202501010305,単勝,11,11000,
594942,202501010306,単勝,7,7000,
594949,202501010307,単勝,10,10000,
594957,202501010308,単勝,11,11000,
594965,202501010309,単勝,10,10000,
594973,202501010310,単勝,14,14000,
594980,202501010311,単勝,16,16000,
594990,202501010312,単勝,14,14000,
595006,202504020302,単勝,15,15000,
595014,202504020303,単勝,12,12000,
595033,202504020305,単勝,15,15000,
595062,202504020308,単勝,12,12000,
595070,202504020309,単勝,9,9000,
595079,202504020310,単勝,13,13000,
595087,202504020311,単勝,17,17000,
595094,202504020312,単勝,12,12000,
595109,202507030302,単勝,7,7000,
595116,202507030303,単勝,16,16000,
595125,202507030304,単勝,14,14000,
595131,202507030305,単勝,16,16000,
595139,202507030306,単勝,12,12000,
595157,202507030308,単勝,14,14000,
595165,202507030309,単勝,10,10000,
595173,202507030310,単勝,13,13000,
595181,202507030311,単勝,13,13000,
595189,202507030312,単勝,16,16000,
595198,202501010401,単勝,12,12000,
595205,202501010402,単勝,14,14000,
595220,202501010404,単勝,14,14000,
595236,202501010406,単勝,14,14000,
595245,202501010407,単勝,12,12000,
595253,202501010408,単勝,11,11000,
595260,202501010409,単勝,10,10000,
595268,202501010410,単勝,13,13000,
595276,202501010411,単勝,14,14000,
595292,202504020401,単勝,14,14000,
595300,202504020402,単勝,15,15000,
595308,202504020403,単勝,6,6000,
595315,202504020404,単勝,13,13000,
595323,202504020405,単勝,15,15000,
595330,202504020406,単勝,5,5000,
595337,202504020407,単勝,18,18000,
595345,202504020408,単勝,11,11000,
595353,202504020409,単勝,15,15000,
595361,202504020410,単勝,15,15000,
595369,202504020411,単勝,14,14000,
595376,202504020412,単勝,12,12000,
595390,202507030402,単勝,15,15000,
595397,202507030403,単勝,7,7000,
595404,202507030404,単勝,16,16000,
595412,202507030405,単勝,16,16000,
595420,202507030406,単勝,16,16000,
595429,202507030407,単勝,12,12000,
595437,202507030408,単勝,8,8000,
595453,202507030410,単勝,16,16000,
595468,202507030412,単勝,18,18000,
595477,202501010501,単勝,12,12000,
595486,202501010502,単勝,14,14000,
595503,202501010504,単勝,14,14000,
595521,202501010506,単勝,15,15000,
595529,202501010507,単勝,12,12000,
595537,202501010508,単勝,11,11000,
595544,202501010509,単勝,10,10000,
595552,202501010510,単勝,11,11000,
595560,202501010511,単勝,14,14000,
595568,202501010512,単勝,11,11000,
595576,202504020501,単勝,15,15000,
595584,202504020502,単勝,10,10000,
595600,202504020504,単勝,15,15000,
595608,202504020505,単勝,15,15000,
595616,202504020506,単勝,16,16000,
595625,202504020507,単勝,13,13000,
595642,202504020509,単勝,14,14000,
595650,202504020510,単勝,15,15000,
595657,202504020511,単勝,18,18000,
595665,202504020512,単勝,18,18000,
595682,202507030502,単勝,15,15000,
595689,202507030503,単勝,12,12000,
595715,202507030506,単勝,11,11000,
595722,202507030507,単勝,16,16000,
595730,202507030508,単勝,7,7000,
595753,202507030511,単勝,18,18000,
595761,202507030512,単勝,12,12000,
595769,202501010601,単勝,14,14000,
595779,202501010602,単勝,12,12000,
595788,202501010603,単勝,16,16000,
595796,202501010604,単勝,14,14000,
595804,202501010605,単勝,12,12000,
595813,202501010606,単勝,14,14000,
595821,202501010607,単勝,15,15000,
595829,202501010608,単勝,9,9000,
595837,202501010609,単勝,9,9000,
595845,202501010610,単勝,14,14000,
595854,202501010611,単勝,16,16000,
595863,202501010612,単勝,14,14000,
595871,202504020601,単勝,18,18000,
595879,202504020602,単勝,12,12000,
595887,202504020603,単勝,15,15000,
595904,202504020605,単勝,18,18000,
595912,202504020606,単勝,14,14000,
595920,202504020607,単勝,15,15000,
595937,202504020609,単勝,14,14000,
595945,202504020610,単勝,15,15000,
595953,202504020611,単勝,14,14000,
595961,202504020612,単勝,18,18000,
595969,202507030601,単勝,11,11000,
595977,202507030602,単勝,15,15000,
595984,202507030603,単勝,12,12000,
595992,202507030604,単勝,13,13000,
596000,202507030605,単勝,16,16000,
596008,202507030606,単勝,9,9000,
596027,202507030608,単勝,12,12000,
596035,202507030609,単勝,14,14000,
596043,202507030610,単勝,13,13000,
596063,202507030612,単勝,15,15000,
596072,202501010701,単勝,7,7000,
596088,202501010703,単勝,12,12000,
596095,202501010704,単勝,14,14000,
596103,202501010705,単勝,11,11000,
596111,202501010706,単勝,14,14000,
596119,202501010707,単勝,9,9000,
596128,202501010708,単勝,14,14000,
596142,202501010710,単勝,13,13000,
596150,202501010711,単勝,14,14000,
596159,202501010712,単勝,12,12000,
596167,202504020701,単勝,13,13000,
596174,202504020702,単勝,18,18000,
596181,202504020703,単勝,14,14000,
596189,202504020704,単勝,11,11000,
596221,202504020708,単勝,13,13000,
596229,202504020709,単勝,14,14000,
596237,202504020710,単勝,15,15000,
596244,202504020711,単勝,18,18000,
596252,202504020712,単勝,17,17000,
596261,202507030701,単勝,9,9000,
596276,202507030703,単勝,18,18000,
596285,202507030704,単勝,16,16000,
596293,202507030705,単勝,16,16000,
596303,202507030706,単勝,13,13000,
596311,202507030707,単勝,9,9000,
596325,202507030709,単勝,16,16000,
596333,202507030710,単勝,8,8000,
596340,202507030711,単勝,17,17000,
596347,202507030712,単勝,10,10000,
596355,202501010801,単勝,10,10000,
596362,202501010802,単勝,12,12000,
596378,202501010804,単勝,14,14000,
596386,202501010805,単勝,5,5000,
596393,202501010806,単勝,12,12000,
596402,202501010807,単勝,14,14000,
596410,202501010808,単勝,13,13000,
596418,202501010809,単勝,16,16000,
596426,202501010810,単勝,11,11000,
596434,202501010811,単勝,16,16000,
596443,202501010812,単勝,14,14000,
596450,202504020801,単勝,13,13000,
596458,202504020802,単勝,15,15000,
596466,202504020803,単勝,11,11000,
596474,202504020804,単勝,11,11000,
596482,202504020805,単勝,15,15000,
596490,202504020806,単勝,11,11000,
596498,202504020807,単勝,15,15000,
596505,202504020808,単勝,9,9000,
596513,202504020809,単勝,15,15000,
596530,202504020811,単勝,11,11000,
596537,202504020812,単勝,18,18000,
596546,202507030801,単勝,7,7000,
596553,202507030802,単勝,16,16000,
596560,202507030803,単勝,9,9000,
596568,202507030804,単勝,13,13000,
596578,202507030805,単勝,16,16000,
596588,202507030806,単勝,16,16000,
596597,202507030807,単勝,12,12000,
596613,202507030809,単勝,16,16000,
596622,202507030810,単勝,16,16000,
596638,202507030812,単勝,18,18000,
596652,202501020102,単勝,12,12000,
596660,202501020103,単勝,16,16000,
596668,202501020104,単勝,14,14000,
596675,202501020105,単勝,9,9000,
596693,202501020107,単勝,14,14000,
596701,202501020108,単勝,9,9000,
596710,202501020109,単勝,9,9000,
596727,202501020111,単勝,14,14000,
596744,202504030101,単勝,6,6000,
596751,202504030102,単勝,14,14000,
596761,202504030103,単勝,18,18000,
596769,202504030104,単勝,16,16000,
596777,202504030105,単勝,13,13000,
596785,202504030106,単勝,15,15000,
596810,202504030109,単勝,15,15000,
596820,202504030110,単勝,17,17000,
596830,202504030111,単勝,12,12000,
596838,202504030112,単勝,12,12000,
596846,202507040101,単勝,6,6000,
596853,202507040102,単勝,16,16000,
596863,202507040103,単勝,9,9000,
596871,202507040104,単勝,18,18000,
596888,202507040106,単勝,12,12000,
596897,202507040107,単勝,16,16000,
596905,202507040108,単勝,8,8000,
596912,202507040109,単勝,6,6000,
596919,202507040110,単勝,13,13000,
596927,202507040111,単勝,16,16000,
596942,202501020201,単勝,14,14000,
596961,202501020203,単勝,14,14000,
596979,202501020205,単勝,11,11000,
596994,202501020207,単勝,11,11000,
597001,202501020208,単勝,11,11000,
597009,202501020209,単勝,13,13000,
597018,202501020210,単勝,14,14000,
597026,202501020211,単勝,16,16000,
597034,202501020212,単勝,14,14000,
597042,202504030201,単勝,7,7000,
597050,202504030202,単勝,15,15000,
597058,202504030203,単勝,17,17000,
597065,202504030204,単勝,15,15000,
597073,202504030205,単勝,14,14000,
597091,202504030207,単勝,18,18000,
597099,202504030208,単勝,10,10000,
597114,202504030210,単勝,13,13000,
597123,202504030211,単勝,10,10000,
597130,202504030212,単勝,15,15000,
597138,202507040201,単勝,11,11000,
597146,202507040202,単勝,16,16000,
597155,202507040203,単勝,8,8000,
597162,202507040204,単勝,16,16000,
597179,202507040206,単勝,17,17000,
597187,202507040207,単勝,7,7000,
597195,202507040208,単勝,15,15000,
597202,202507040209,単勝,14,14000,
597210,202507040210,単勝,16,16000,
597219,202507040211,単勝,9,9000,
597227,202507040212,単勝,14,14000,
597234,202501020301,単勝,8,8000,
597241,202501020302,単勝,7,7000,
597248,202501020303,単勝,14,14000,
597255,202501020304,単勝,14,14000,
597262,202501020305,単勝,13,13000,
597269,202501020306,単勝,16,16000,
597279,202501020307,単勝,12,12000,
597287,202501020308,単勝,11,11000,
597295,202501020309,単勝,13,13000,
597304,202501020310,単勝,14,14000,
597312,202501020311,単勝,14,14000,
597330,202504030301,単勝,13,13000,
597338,202504030302,単勝,15,15000,
597363,202504030305,単勝,18,18000,
597371,202504030306,単勝,18,18000,
597389,202504030308,単勝,10,10000,
597405,202504030310,単勝,13,13000,
597413,202504030311,単勝,16,16000,
597421,202504030312,単勝,15,15000,
597437,202507040302,単勝,14,14000,
597445,202507040303,単勝,15,15000,
597464,202507040305,単勝,10,10000,
597473,202507040306,単勝,16,16000,
597488,202507040308,単勝,8,8000,
597495,202507040309,単勝,16,16000,
597504,202507040310,単勝,11,11000,
597513,202507040311,単勝,16,16000,
597520,202507040312,単勝,12,12000,
597537,202501020402,単勝,14,14000,
597543,202501020403,単勝,12,12000,
597551,202501020404,単勝,16,16000,
597559,202501020405,単勝,8,8000,
597566,202501020406,単勝,14,14000,
597574,202501020407,単勝,13,13000,
597582,202501020408,単勝,13,13000,
597590,202501020409,単勝,14,14000,
597599,202501020410,単勝,16,16000,
597607,202501020411,単勝,13,13000,
597615,202501020412,単勝,12,12000,
597623,202504030401,単勝,14,14000,
597631,202504030402,単勝,15,15000,
597639,202504030403,単勝,18,18000,
597648,202504030404,単勝,18,18000,
597656,202504030405,単勝,12,12000,
597664,202504030406,単勝,15,15000,
597672,202504030407,単勝,15,15000,
597679,202504030408,単勝,9,9000,
597696,202504030410,単勝,11,11000,
597713,202504030412,単勝,12,12000,
597721,202507040401,単勝,13,13000,
597729,202507040402,単勝,16,16000,
597737,202507040403,単勝,18,18000,
597746,202507040404,単勝,16,16000,
597754,202507040405,単勝,7,7000,
597761,202507040406,単勝,14,14000,
597769,202507040407,単勝,13,13000,
597776,202507040408,単勝,16,16000,
597784,202507040409,単勝,8,8000,
597791,202507040410,単勝,16,16000,
597799,202507040411,単勝,13,13000,
597818,202501020501,単勝,10,10000,
597834,202501020503,単勝,12,12000,
597842,202501020504,単勝,16,16000,
597861,202501020506,単勝,14,14000,
597877,202501020508,単勝,14,14000,
597885,202501020509,単勝,15,15000,
597893,202501020510,単勝,16,16000,
597901,202501020511,単勝,12,12000,
597909,202501020512,単勝,14,14000,
597927,202506040102,単勝,12,12000,
597935,202506040103,単勝,9,9000,
597953,202506040105,単勝,16,16000,
597961,202506040106,単勝,16,16000,
597969,202506040107,単勝,18,18000,
597977,202506040108,単勝,7,7000,
597984,202506040109,単勝,11,11000,
598000,202506040111,単勝,16,16000,
598010,202506040112,単勝,16,16000,
598018,202509040101,単勝,9,9000,
598034,202509040103,単勝,16,16000,
598042,202509040104,単勝,18,18000,
598051,202509040105,単勝,11,11000,
598059,202509040106,単勝,13,13000,
598067,202509040107,単勝,13,13000,
598075,202509040108,単勝,9,9000,
598083,202509040109,単勝,9,9000,
598091,202509040110,単勝,12,12000,
598107,202509040112,単勝,13,13000,
598115,202501020601,単勝,8,8000,
598122,202501020602,単勝,10,10000,
598130,202501020603,単勝,14,14000,
598138,202501020604,単勝,16,16000,
598145,202501020605,単勝,14,14000,
598153,202501020606,単勝,12,12000,
598161,202501020607,単勝,13,13000,
598170,202501020608,単勝,16,16000,
598178,202501020609,単勝,14,14000,
598185,202501020610,単勝,14,14000,
598194,202501020611,単勝,12,12000,
598203,202501020612,単勝,14,14000,
598212,202506040201,単勝,13,13000,
598219,202506040202,単勝,16,16000,
598227,202506040203,単勝,15,15000,
598235,202506040204,単勝,10,10000,
598243,202506040205,単勝,12,12000,
598251,202506040206,単勝,16,16000,
598267,202506040208,単勝,15,15000,
598275,202506040209,単勝,16,16000,
598293,202506040211,単勝,13,13000,
598300,202506040212,単勝,16,16000,
598308,202509040201,単勝,7,7000,
598314,202509040202,単勝,7,7000,
598321,202509040203,単勝,16,16000,
598329,202509040204,単勝,16,16000,
598336,202509040205,単勝,6,6000,
598343,202509040206,単勝,15,15000,
598351,202509040207,単勝,9,9000,
598360,202509040208,単勝,5,5000,
598367,202509040209,単勝,13,13000,
598374,202509040210,単勝,12,12000,
598382,202509040211,単勝,16,16000,
598390,202509040212,単勝,12,12000,
598405,202506040302,単勝,11,11000,
598415,202506040303,単勝,16,16000,
598423,202506040304,単勝,13,13000,
598431,202506040305,単勝,16,16000,
598439,202506040306,単勝,9,9000,
598447,202506040307,単勝,16,16000,
598470,202506040310,単勝,11,11000,
598478,202506040311,単勝,10,10000,
598486,202506040312,単勝,16,16000,
598494,202509040301,単勝,8,8000,
598508,202509040303,単勝,5,5000,
598514,202509040304,単勝,16,16000,
598522,202509040305,単勝,11,11000,
598530,202509040306,単勝,13,13000,
598538,202509040307,単勝,18,18000,
598548,202509040308,単勝,6,6000,
598555,202509040309,単勝,18,18000,
598563,202509040310,単勝,9,9000,
598571,202509040311,単勝,15,15000,
598579,202509040312,単勝,14,14000,
598587,202506040401,単勝,9,9000,
598595,202506040402,単勝,16,16000,
598602,202506040403,単勝,15,15000,
598610,202506040404,単勝,11,11000,
598618,202506040405,単勝,10,10000,
598626,202506040406,単勝,16,16000,
598634,202506040407,単勝,18,18000,
598659,202506040410,単勝,14,14000,
598668,202506040411,単勝,16,16000,
598678,202506040412,単勝,16,16000,
598686,202509040401,単勝,13,13000,
598693,202509040402,単勝,10,10000,
598720,202509040405,単勝,7,7000,
598727,202509040406,単勝,12,12000,
598736,202509040407,単勝,14,14000,
598744,202509040408,単勝,13,13000,
598752,202509040409,単勝,9,9000,
598761,202509040410,単勝,11,11000,
598784,202506040501,単勝,16,16000,
598794,202506040502,単勝,10,10000,
598801,202506040503,単勝,16,16000,
598809,202506040504,単勝,16,16000,
598817,202506040505,単勝,13,13000,
598833,202506040507,単勝,16,16000,
598841,202506040508,単勝,14,14000,
598849,202506040509,単勝,11,11000,
598857,202506040510,単勝,9,9000,
598865,202506040511,単勝,12,12000,
598873,202506040512,単勝,16,16000,
598881,202509040501,単勝,7,7000,
598889,202509040502,単勝,8,8000,
598896,202509040503,単勝,5,5000,
598903,202509040504,単勝,16,16000,
598910,202509040505,単勝,10,10000,
598920,202509040506,単勝,18,18000,
598927,202509040507,単勝,13,13000,
598949,202509040510,単勝,9,9000,
598956,202509040511,単勝,14,14000,
598965,202509040512,単勝,15,15000,
598973,202506040601,単勝,13,13000,
598981,202506040602,単勝,14,14000,
598990,202506040603,単勝,16,16000,
599000,202506040604,単勝,11,11000,
599008,202506040605,単勝,16,16000,
599016,202506040606,単勝,11,11000,
599024,202506040607,単勝,18,18000,
599041,202506040609,単勝,13,13000,
599050,202506040610,単勝,9,9000,
599058,202506040611,単勝,15,15000,
599066,202506040612,単勝,16,16000,
599075,202509040601,単勝,10,10000,
599083,202509040602,単勝,7,7000,
599090,202509040603,単勝,10,10000,
599097,202509040604,単勝,9,9000,
599105,202509040605,単勝,14,14000,
599113,202509040606,単勝,16,16000,
599129,202509040608,単勝,6,6000,
599136,202509040609,単勝,16,16000,
599144,202509040610,単勝,7,7000,
599160,202509040612,単勝,16,16000,
599168,202506040701,単勝,16,16000,
599176,202506040702,単勝,16,16000,
599186,202506040703,単勝,10,10000,
599194,202506040704,単勝,16,16000,
599203,202506040705,単勝,10,10000,
599211,202506040706,単勝,16,16000,
599219,202506040707,単勝,16,16000,
599227,202506040708,単勝,16,16000,
599235,202506040709,単勝,9,9000,
599243,202506040710,単勝,16,16000,
599251,202506040711,単勝,11,11000,
599259,202506040712,単勝,16,16000,
599268,202509040701,単勝,8,8000,
599275,202509040702,単勝,13,13000,
599284,202509040703,単勝,11,11000,
599292,202509040704,単勝,13,13000,
599300,202509040705,単勝,9,9000,
599309,202509040706,単勝,9,9000,
599325,202509040708,単勝,13,13000,
599335,202509040709,単勝,10,10000,
599366,202506040801,単勝,11,11000,
599374,202506040802,単勝,16,16000,
599382,202506040803,単勝,16,16000,
599390,202506040804,単勝,16,16000,
599400,202506040805,単勝,16,16000,
599408,202506040806,単勝,16,16000,
599416,202506040807,単勝,16,16000,
599426,202506040808,単勝,16,16000,
599434,202506040809,単勝,9,9000,
599442,202506040810,単勝,16,16000,
599460,202506040812,単勝,16,16000,
599468,202509040801,単勝,15,15000,
599475,202509040802,単勝,9,9000,
599491,202509040804,単勝,16,16000,
599500,202509040805,単勝,11,11000,
599508,202509040806,単勝,13,13000,
599516,202509040807,単勝,16,16000,
599524,202509040808,単勝,13,13000,
599532,202509040809,単勝,8,8000,
599539,202509040810,単勝,16,16000,
599546,202509040811,単勝,14,14000,
599564,202506040901,単勝,12,12000,
599572,202506040902,単勝,16,16000,
599582,202506040903,単勝,16,16000,
599590,202506040904,単勝,16,16000,
599598,202506040905,単勝,17,17000,
599606,202506040906,単勝,16,16000,
599614,202506040907,単勝,16,16000,
599622,202506040908,単勝,16,16000,
599631,202506040909,単勝,8,8000,
599638,202506040910,単勝,13,13000,
599655,202506040912,単勝,16,16000,
599671,202509040902,単勝,14,14000,
599679,202509040903,単勝,10,10000,
599694,202509040905,単勝,18,18000,
599702,202509040906,単勝,16,16000,
599711,202509040907,単勝,16,16000,
599719,202509040908,単勝,18,18000,
599727,202509040909,単勝,12,12000,
599742,202509040911,単勝,12,12000,
599751,202509040912,単勝,14,14000,
599759,202505040101,単勝,16,16000,
599767,202505040102,単勝,9,9000,
599792,202505040105,単勝,17,17000,
599800,202505040106,単勝,16,16000,
599809,202505040107,単勝,10,10000,
599817,202505040108,単勝,16,16000,
599825,202505040109,単勝,12,12000,
599835,202505040110,単勝,15,15000,
599845,202505040111,単勝,16,16000,
599853,202505040112,単勝,16,16000,
599862,202508030101,単勝,14,14000,
599870,202508030102,単勝,8,8000,
599876,202508030103,単勝,16,16000,
599883,202508030104,単勝,14,14000,
599891,202508030105,単勝,14,14000,
599898,202508030106,単勝,16,16000,
599907,202508030107,単勝,18,18000,
599915,202508030108,単勝,12,12000,
599923,202508030109,単勝,8,8000,
599931,202508030110,単勝,16,16000,
599939,202508030111,単勝,18,18000,
599947,202508030112,単勝,13,13000,
599955,202505040201,単勝,16,16000,
599963,202505040202,単勝,11,11000,
599970,202505040203,単勝,17,17000,
599980,202505040204,単勝,14,14000,
599987,202505040205,単勝,15,15000,
599995,202505040206,単勝,16,16000,
600005,202505040207,単勝,18,18000,
600012,202505040208,単勝,14,14000,
600030,202505040210,単勝,16,16000,
600039,202505040211,単勝,11,11000,
600047,202505040212,単勝,16,16000,
600055,202508030201,単勝,16,16000,
600063,202508030202,単勝,7,7000,
600070,202508030203,単勝,16,16000,
600078,202508030204,単勝,12,12000,
600086,202508030205,単勝,13,13000,
600094,202508030206,単勝,14,14000,
600103,202508030207,単勝,12,12000,
600112,202508030208,単勝,16,16000,
600121,202508030209,単勝,9,9000,
600129,202508030210,単勝,16,16000,
600138,202508030211,単勝,18,18000,
600147,202508030212,単勝,16,16000,
600155,202505040301,単勝,10,10000,
600172,202505040303,単勝,10,10000,
600178,202505040304,単勝,16,16000,
600186,202505040305,単勝,14,14000,
600194,202505040306,単勝,16,16000,
600204,202505040307,単勝,10,10000,
600211,202505040308,単勝,16,16000,
600219,202505040309,単勝,10,10000,
600234,202505040311,単勝,8,8000,
600240,202505040312,単勝,16,16000,
600249,202508030301,単勝,16,16000,
600257,202508030302,単勝,8,8000,
600264,202508030303,単勝,6,6000,
600290,202508030306,単勝,11,11000,
600298,202508030307,単勝,11,11000,
600306,202508030308,単勝,7,7000,
600313,202508030309,単勝,12,12000,
600321,202508030310,単勝,13,13000,
600332,202508030311,単勝,16,16000,
600340,202508030312,単勝,16,16000,
600356,202505040402,単勝,10,10000,
600364,202505040403,単勝,10,10000,
600372,202505040404,単勝,16,16000,
600389,202505040406,単勝,15,15000,
600396,202505040407,単勝,16,16000,
600405,202505040408,単勝,11,11000,
600413,202505040409,単勝,16,16000,
600421,202505040410,単勝,16,16000,
600429,202505040411,単勝,16,16000,
600436,202505040412,単勝,16,16000,
600444,202508030401,単勝,12,12000,
600452,202508030402,単勝,7,7000,
600459,202508030403,単勝,9,9000,
600467,202508030404,単勝,12,12000,
600485,202508030406,単勝,16,16000,
600494,202508030407,単勝,13,13000,
600502,202508030408,単勝,14,14000,
600511,202508030409,単勝,14,14000,
600519,202508030410,単勝,13,13000,
600527,202508030411,単勝,9,9000,
600536,202508030412,単勝,18,18000,
600544,202505040501,単勝,15,15000,
600552,202505040502,単勝,13,13000,
600561,202505040503,単勝,12,12000,
600568,202505040504,単勝,14,14000,
600576,202505040505,単勝,13,13000,
600585,202505040506,単勝,17,17000,
600593,202505040507,単勝,16,16000,
600601,202505040508,単勝,7,7000,
600608,202505040509,単勝,18,18000,
600616,202505040510,単勝,8,8000,
600623,202505040511,単勝,18,18000,
600633,202505040512,単勝,16,16000,
600648,202508030502,単勝,10,10000,
600656,202508030503,単勝,16,16000,
600666,202508030504,単勝,13,13000,
600674,202508030505,単勝,11,11000,
600682,202508030506,単勝,15,15000,
600690,202508030507,単勝,15,15000,
600697,202508030508,単勝,13,13000,
600703,202508030509,単勝,12,12000,
600711,202508030510,単勝,10,10000,
600719,202508030511,単勝,18,18000,
600728,202508030512,単勝,16,16000,
600736,202504040101,単勝,13,13000,
600744,202504040102,単勝,14,14000,
600752,202504040103,単勝,18,18000,
600760,202504040104,単勝,14,14000,
600770,202504040105,単勝,15,15000,
600777,202504040106,単勝,15,15000,
600785,202504040107,単勝,18,18000,
600793,202504040108,単勝,15,15000,
600801,202504040109,単勝,15,15000,
600809,202504040110,単勝,15,15000,
600817,202504040111,単勝,18,18000,
600825,202504040112,単勝,18,18000,
600833,202505040601,単勝,11,11000,
600841,202505040602,単勝,9,9000,
600849,202505040603,単勝,8,8000,
600855,202505040604,単勝,18,18000,
600863,202505040605,単勝,16,16000,
600871,202505040606,単勝,15,15000,
600879,202505040607,単勝,17,17000,
600895,202505040609,単勝,7,7000,
600901,202505040610,単勝,16,16000,
600909,202505040611,単勝,14,14000,
600917,202505040612,単勝,14,14000,
600933,202508030602,単勝,10,10000,
600941,202508030603,単勝,7,7000,
600948,202508030604,単勝,11,11000,
600957,202508030605,単勝,13,13000,
600966,202508030606,単勝,16,16000,
600981,202508030608,単勝,7,7000,
601005,202508030611,単勝,16,16000,
601013,202508030612,単勝,15,15000,
601022,202504040201,単勝,12,12000,
601030,202504040202,単勝,15,15000,
601038,202504040203,単勝,18,18000,
601048,202504040204,単勝,13,13000,
601056,202504040205,単勝,18,18000,
601071,202504040207,単勝,18,18000,
601089,202504040209,単勝,15,15000,
601099,202504040210,単勝,18,18000,
601107,202504040211,単勝,14,14000,
601115,202504040212,単勝,14,14000,
601132,202505040702,単勝,8,8000,
601138,202505040703,単勝,13,13000,
601147,202505040704,単勝,16,16000,
601164,202505040706,単勝,8,8000,
601171,202505040707,単勝,13,13000,
601179,202505040708,単勝,15,15000,
601187,202505040709,単勝,10,10000,
601195,202505040710,単勝,13,13000,
601204,202505040711,単勝,12,12000,
601215,202505040712,単勝,18,18000,
601224,202508030701,単勝,12,12000,
601232,202508030702,単勝,6,6000,
601239,202508030703,単勝,12,12000,
601247,202508030704,単勝,17,17000,
601256,202508030705,単勝,11,11000,
601264,202508030706,単勝,12,12000,
601273,202508030707,単勝,12,12000,
601282,202508030708,単勝,10,10000,
601296,202508030710,単勝,16,16000,
601306,202508030711,単勝,18,18000,
601314,202508030712,単勝,14,14000,
601322,202504040301,単勝,15,15000,
601330,202504040302,単勝,15,15000,
601338,202504040303,単勝,13,13000,
601346,202504040304,単勝,15,15000,
601352,202504040305,単勝,14,14000,
601360,202504040306,単勝,15,15000,
601367,202504040307,単勝,14,14000,
601375,202504040308,単勝,14,14000,
601383,202504040309,単勝,18,18000,
601392,202504040310,単勝,15,15000,
601400,202504040311,単勝,18,18000,
601408,202504040312,単勝,17,17000,
601416,202505040801,単勝,15,15000,
601423,202505040802,単勝,10,10000,
601439,202505040804,単勝,16,16000,
601447,202505040805,単勝,9,9000,
601455,202505040806,単勝,16,16000,
601463,202505040807,単勝,16,16000,
601471,202505040808,単勝,8,8000,
601477,202505040809,単勝,12,12000,
601494,202505040811,単勝,10,10000,
601502,202505040812,単勝,13,13000,
601526,202508030803,単勝,12,12000,
601533,202508030804,単勝,8,8000,
601539,202508030805,単勝,14,14000,
601546,202508030806,単勝,16,16000,
601555,202508030807,単勝,11,11000,
601565,202508030808,単勝,12,12000,
601572,202508030809,単勝,16,16000,
601580,202508030810,単勝,13,13000,
601588,202508030811,単勝,10,10000,
601595,202508030812,単勝,10,10000,
601602,202504040401,単勝,13,13000,
601610,202504040402,単勝,13,13000,
601618,202504040403,単勝,10,10000,
601626,202504040404,単勝,16,16000,
601634,202504040405,単勝,18,18000,
601643,202504040406,単勝,13,13000,
601651,202504040407,単勝,15,15000,
601659,202504040408,単勝,12,12000,
601667,202504040409,単勝,14,14000,
601675,202504040410,単勝,16,16000,
601691,202504040412,単勝,12,12000,
601701,202505040901,単勝,14,14000,
601709,202505040902,単勝,10,10000,
601717,202505040903,単勝,11,11000,
601725,202505040904,単勝,14,14000,
601734,202505040905,単勝,16,16000,
601743,202505040906,単勝,18,18000,
601752,202505040907,単勝,13,13000,
601760,202505040908,単勝,15,15000,
601769,202505040909,単勝,13,13000,
601777,202505040910,単勝,11,11000,
601785,202505040911,単勝,16,16000,
601793,202505040912,単勝,16,16000,
601801,202508030901,単勝,9,9000,
601816,202508030903,単勝,10,10000,
601824,202508030904,単勝,16,16000,
601832,202508030905,単勝,10,10000,
601840,202508030906,単勝,11,11000,
601849,202508030907,単勝,12,12000,
601857,202508030908,単勝,14,14000,
601865,202508030909,単勝,8,8000,
601872,202508030910,単勝,14,14000,
601880,202508030911,単勝,18,18000,
601888,202508030912,単勝,16,16000,
601895,202505041001,単勝,16,16000,
601903,202505041002,単勝,12,12000,
601911,202505041003,単勝,11,11000,
601920,202505041004,単勝,16,16000,
601928,202505041005,単勝,13,13000,
601936,202505041006,単勝,15,15000,
601944,202505041007,単勝,16,16000,
601953,202505041008,単勝,14,14000,
601962,202505041009,単勝,8,8000,
601969,202505041010,単勝,12,12000,
601977,202505041011,単勝,16,16000,
601986,202505041012,単勝,15,15000,
601994,202508031001,単勝,13,13000,
602003,202508031002,単勝,12,12000,
602012,202508031003,単勝,8,8000,
602019,202508031004,単勝,11,11000,
602028,202508031005,単勝,9,9000,
602036,202508031006,単勝,16,16000,
602044,202508031007,単勝,16,16000,
602052,202508031008,単勝,15,15000,
602079,202508031011,単勝,12,12000,
602095,202505041101,単勝,12,12000,
602111,202505041103,単勝,10,10000,
602119,202505041104,単勝,16,16000,
602128,202505041105,単勝,9,9000,
602136,202505041106,単勝,16,16000,
602152,202505041108,単勝,5,5000,
602160,202505041109,単勝,10,10000,
602167,202505041110,単勝,12,12000,
602175,202505041111,単勝,14,14000,
602191,202508031101,単勝,15,15000,
602199,202508031102,単勝,7,7000,
602206,202508031103,単勝,16,16000,
602214,202508031104,単勝,10,10000,
602222,202508031105,単勝,15,15000,
602239,202508031107,単勝,16,16000,
602259,202508031109,単勝,16,16000,
602267,202508031110,単勝,13,13000,
602275,202508031111,単勝,15,15000,
602284,202508031112,単勝,12,12000,
602293,202503030101,単勝,14,14000,
602301,202503030102,単勝,16,16000,
602316,202503030104,単勝,16,16000,
602324,202503030105,単勝,16,16000,
602332,202503030106,単勝,16,16000,
602342,202503030107,単勝,16,16000,
602352,202503030108,単勝,16,16000,
602360,202503030109,単勝,16,16000,
602379,202503030111,単勝,16,16000,
602387,202503030112,単勝,15,15000,
602405,202505050102,単勝,15,15000,
602412,202505050103,単勝,12,12000,
602429,202505050105,単勝,13,13000,
602437,202505050106,単勝,13,13000,
602446,202505050107,単勝,16,16000,
602454,202505050108,単勝,8,8000,
602461,202505050109,単勝,13,13000,
602469,202505050110,単勝,11,11000,
602478,202505050111,単勝,16,16000,
602486,202505050112,単勝,14,14000,
602494,202508040101,単勝,12,12000,
602502,202508040102,単勝,15,15000,
602520,202508040104,単勝,12,12000,
602528,202508040105,単勝,9,9000,
602536,202508040106,単勝,11,11000,
602544,202508040107,単勝,16,16000,
602552,202508040108,単勝,10,10000,
602561,202508040109,単勝,16,16000,
602581,202508040111,単勝,16,16000,
602602,202503030201,単勝,16,16000,
602610,202503030202,単勝,16,16000,
602618,202503030203,単勝,15,15000,
602626,202503030204,単勝,10,10000,
602634,202503030205,単勝,9,9000,
602650,202503030207,単勝,16,16000,
602659,202503030208,単勝,16,16000,
602669,202503030209,単勝,16,16000,
602679,202503030210,単勝,15,15000,
602689,202503030211,単勝,16,16000,
602695,202503030212,単勝,16,16000,
602703,202505050201,単勝,16,16000,
602719,202505050203,単勝,18,18000,
602727,202505050204,単勝,14,14000,
602735,202505050205,単勝,6,6000,
602742,202505050206,単勝,15,15000,
602751,202505050207,単勝,16,16000,
602759,202505050208,単勝,16,16000,
602785,202505050211,単勝,18,18000,
602794,202505050212,単勝,18,18000,
602802,202508040201,単勝,16,16000,
602812,202508040202,単勝,8,8000,
602819,202508040203,単勝,8,8000,
602826,202508040204,単勝,16,16000,
602834,202508040205,単勝,8,8000,
602842,202508040206,単勝,16,16000,
602852,202508040207,単勝,7,7000,
602859,202508040208,単勝,16,16000,
602874,202508040210,単勝,12,12000,
602884,202508040211,単勝,15,15000,
602891,202508040212,単勝,17,17000,
602900,202503030301,単勝,15,15000,
602908,202503030302,単勝,16,16000,
602916,202503030303,単勝,16,16000,
602923,202503030304,単勝,16,16000,
602931,202503030305,単勝,16,16000,
602948,202503030307,単勝,16,16000,
602956,202503030308,単勝,16,16000,
602966,202503030309,単勝,16,16000,
602983,202503030311,単勝,16,16000,
602992,202503030312,単勝,16,16000,
603001,202505050301,単勝,13,13000,
603009,202505050302,単勝,17,17000,
603027,202505050304,単勝,13,13000,
603034,202505050305,単勝,10,10000,
603042,202505050306,単勝,14,14000,
603050,202505050307,単勝,16,16000,
603058,202505050308,単勝,12,12000,
603066,202505050309,単勝,16,16000,
603074,202505050310,単勝,18,18000,
603088,202505050312,単勝,13,13000,
603096,202508040301,単勝,11,11000,
603104,202508040302,単勝,11,11000,
603112,202508040303,単勝,10,10000,
603120,202508040304,単勝,12,12000,
603128,202508040305,単勝,18,18000,
603136,202508040306,単勝,16,16000,
603145,202508040307,単勝,16,16000,
603153,202508040308,単勝,7,7000,
603160,202508040309,単勝,15,15000,
603176,202508040311,単勝,8,8000,
603183,202508040312,単勝,18,18000,
603190,202503030401,単勝,16,16000,
603198,202503030402,単勝,15,15000,
603206,202503030403,単勝,15,15000,
603215,202503030404,単勝,10,10000,
603222,202503030405,単勝,11,11000,
603230,202503030406,単勝,15,15000,
603238,202503030407,単勝,16,16000,
603248,202503030408,単勝,16,16000,
603257,202503030409,単勝,16,16000,
603265,202503030410,単勝,16,16000,
603273,202503030411,単勝,15,15000,
603280,202503030412,単勝,16,16000,
603289,202505050401,単勝,16,16000,
603297,202505050402,単勝,18,18000,
603305,202505050403,単勝,18,18000,
603322,202505050405,単勝,12,12000,
603341,202505050407,単勝,16,16000,
603349,202505050408,単勝,13,13000,
603356,202505050409,単勝,14,14000,
603363,202505050410,単勝,11,11000,
603371,202505050411,単勝,18,18000,
603379,202505050412,単勝,13,13000,
603387,202508040401,単勝,14,14000,
603396,202508040402,単勝,15,15000,
603405,202508040403,単勝,15,15000,
603413,202508040404,単勝,11,11000,
603421,202508040405,単勝,9,9000,
603428,202508040406,単勝,16,16000,
603436,202508040407,単勝,16,16000,
603444,202508040408,単勝,15,15000,
603454,202508040409,単勝,8,8000,
603462,202508040410,単勝,14,14000,
603470,202508040411,単勝,16,16000,
603478,202508040412,単勝,12,12000,
603486,202503030501,単勝,14,14000,
603494,202503030502,単勝,16,16000,
603504,202503030503,単勝,15,15000,
603512,202503030504,単勝,14,14000,
603520,202503030505,単勝,14,14000,
603528,202503030506,単勝,15,15000,
603535,202503030507,単勝,16,16000,
603542,202503030508,単勝,16,16000,
603550,202503030509,単勝,16,16000,
603559,202503030510,単勝,16,16000,
603566,202503030511,単勝,16,16000,
603574,202503030512,単勝,16,16000,
603583,202508040501,単勝,14,14000,
603591,202508040502,単勝,15,15000,
603599,202508040503,単勝,18,18000,
603607,202508040504,単勝,11,11000,
603616,202508040505,単勝,17,17000,
603624,202508040506,単勝,16,16000,
603632,202508040507,単勝,16,16000,
603639,202508040508,単勝,16,16000,
603650,202508040509,単勝,9,9000,
603658,202508040510,単勝,16,16000,
603666,202508040511,単勝,16,16000,
603674,202508040512,単勝,15,15000,
603682,202505050501,単勝,16,16000,
603691,202505050502,単勝,18,18000,
603708,202505050504,単勝,15,15000,
603716,202505050505,単勝,11,11000,
603724,202505050506,単勝,16,16000,
603733,202505050507,単勝,16,16000,
603740,202505050508,単勝,16,16000,
603748,202505050509,単勝,8,8000,
603755,202505050510,単勝,17,17000,
603762,202505050511,単勝,16,16000,
603770,202505050512,単勝,18,18000,
603779,202508040601,単勝,14,14000,
603794,202508040603,単勝,16,16000,
603802,202508040604,単勝,7,7000,
603809,202508040605,単勝,9,9000,
603817,202508040606,単勝,16,16000,
603825,202508040607,単勝,18,18000,
603835,202508040608,単勝,14,14000,
603843,202508040609,単勝,13,13000,
603850,202508040610,単勝,16,16000,
603859,202508040611,単勝,18,18000,
603882,202503030602,単勝,15,15000,
603892,202503030603,単勝,15,15000,
603900,202503030604,単勝,14,14000,
603917,202503030606,単勝,16,16000,
603925,202503030607,単勝,16,16000,
603934,202503030608,単勝,16,16000,
603942,202503030609,単勝,16,16000,
603950,202503030610,単勝,16,16000,
603961,202503030611,単勝,15,15000,
603971,202503030612,単勝,16,16000,
603979,202505050601,単勝,15,15000,
603985,202505050602,単勝,18,18000,
603993,202505050603,単勝,16,16000,
604001,202505050604,単勝,14,14000,
604008,202505050605,単勝,16,16000,
604016,202505050606,単勝,13,13000,
604023,202505050607,単勝,14,14000,
604040,202505050609,単勝,12,12000,
604049,202505050610,単勝,16,16000,
604057,202505050611,単勝,12,12000,
604065,202505050612,単勝,18,18000,
604072,202505050701,単勝,13,13000,
604081,202505050702,単勝,18,18000,
604090,202505050703,単勝,12,12000,
604100,202505050704,単勝,16,16000,
604108,202505050705,単勝,13,13000,
604115,202505050706,単勝,16,16000,
604124,202505050707,単勝,16,16000,
604131,202505050708,単勝,16,16000,
604139,202505050709,単勝,12,12000,
604146,202505050710,単勝,16,16000,
604156,202505050711,単勝,18,18000,
604164,202505050712,単勝,9,9000,
604172,202508040701,単勝,14,14000,
604180,202508040702,単勝,11,11000,
604188,202508040703,単勝,14,14000,
604196,202508040704,単勝,9,9000,
604204,202508040705,単勝,12,12000,
604219,202508040707,単勝,18,18000,
604228,202508040708,単勝,16,16000,
604237,202508040709,単勝,13,13000,
604245,202508040710,単勝,12,12000,
604253,202508040711,単勝,11,11000,
604263,202508040712,単勝,16,16000,
604270,202505050801,単勝,16,16000,
604286,202505050803,単勝,16,16000,
604300,202505050805,単勝,16,16000,
604308,202505050806,単勝,12,12000,
604316,202505050807,単勝,16,16000,
604324,202505050808,単勝,8,8000,
604331,202505050809,単勝,9,9000,
604339,202505050810,単勝,16,16000,
604365,202508040801,単勝,16,16000,
604373,202508040802,単勝,13,13000,
604381,202508040803,単勝,13,13000,
604390,202508040804,単勝,16,16000,
604398,202508040805,単勝,9,9000,
604414,202508040807,単勝,16,16000,
604438,202508040810,単勝,16,16000,
604446,202508040811,単勝,16,16000,
604455,202508040812,単勝,18,18000,
604464,202506050101,単勝,15,15000,
604471,202506050102,単勝,13,13000,
604479,202506050103,単勝,15,15000,
604487,202506050104,単勝,16,16000,
604494,202506050105,単勝,18,18000,
604502,202506050106,単勝,16,16000,
604510,202506050107,単勝,16,16000,
604519,202506050108,単勝,12,12000,
604528,202506050109,単勝,11,11000,
604536,202506050110,単勝,12,12000,
604543,202506050111,単勝,14,14000,
604568,202507050102,単勝,13,13000,
604577,202507050103,単勝,15,15000,
604587,202507050104,単勝,18,18000,
604595,202507050105,単勝,14,14000,
604603,202507050106,単勝,16,16000,
604612,202507050107,単勝,16,16000,
604620,202507050108,単勝,18,18000,
604628,202507050109,単勝,8,8000,
604635,202507050110,単勝,13,13000,
604643,202507050111,単勝,12,12000,
604651,202507050112,単勝,16,16000,
604661,202509050101,単勝,16,16000,
604670,202509050102,単勝,16,16000,
604678,202509050103,単勝,17,17000,
604686,202509050104,単勝,9,9000,
604694,202509050105,単勝,10,10000,
604702,202509050106,単勝,10,10000,
604711,202509050107,単勝,14,14000,
604721,202509050108,単勝,16,16000,
604730,202509050109,単勝,8,8000,
604736,202509050110,単勝,16,16000,
604744,202509050111,単勝,14,14000,
604751,202509050112,単勝,15,15000,
604759,202506050201,単勝,16,16000,
604769,202506050202,単勝,16,16000,
604777,202506050203,単勝,13,13000,
604785,202506050204,単勝,11,11000,
604793,202506050205,単勝,16,16000,
604801,202506050206,単勝,6,6000,
604808,202506050207,単勝,11,11000,
604815,202506050208,単勝,16,16000,
604823,202506050209,単勝,12,12000,
604832,202506050210,単勝,16,16000,
604840,202506050211,単勝,16,16000,
604848,202506050212,単勝,16,16000,
604856,202507050201,単勝,13,13000,
604864,202507050202,単勝,16,16000,
604873,202507050203,単勝,14,14000,
604880,202507050204,単勝,14,14000,
604888,202507050205,単勝,17,17000,
604895,202507050206,単勝,16,16000,
604902,202507050207,単勝,14,14000,
604910,202507050208,単勝,18,18000,
604928,202507050210,単勝,13,13000,
604936,202507050211,単勝,16,16000,
604944,202507050212,単勝,10,10000,
604952,202509050201,単勝,10,10000,
604960,202509050202,単勝,16,16000,
604968,202509050203,単勝,18,18000,
604976,202509050204,単勝,8,8000,
604983,202509050205,単勝,17,17000,
604999,202509050207,単勝,11,11000,
605007,202509050208,単勝,8,8000,
605014,202509050209,単勝,13,13000,
605022,202509050210,単勝,18,18000,
605029,202509050211,単勝,16,16000,
605046,202506050301,単勝,14,14000,
605055,202506050302,単勝,16,16000,
605063,202506050303,単勝,16,16000,
605071,202506050304,単勝,16,16000,
605079,202506050305,単勝,13,13000,
605088,202506050306,単勝,15,15000,
605098,202506050307,単勝,16,16000,
605107,202506050308,単勝,15,15000,
605115,202506050309,単勝,13,13000,
605123,202506050310,単勝,15,15000,
605133,202506050311,単勝,16,16000,
605143,202506050312,単勝,13,13000,
605151,202507050301,単勝,14,14000,
605159,202507050302,単勝,16,16000,
605168,202507050303,単勝,12,12000,
605176,202507050304,単勝,13,13000,
605184,202507050305,単勝,12,12000,
605192,202507050306,単勝,16,16000,
605201,202507050307,単勝,18,18000,
605209,202507050308,単勝,16,16000,
605217,202507050309,単勝,11,11000,
605235,202507050311,単勝,18,18000,
605243,202507050312,単勝,18,18000,
605253,202509050301,単勝,15,15000,
605261,202509050302,単勝,10,10000,
605269,202509050303,単勝,14,14000,
605286,202509050305,単勝,7,7000,
605293,202509050306,単勝,13,13000,
605300,202509050307,単勝,8,8000,
605307,202509050308,単勝,16,16000,
605315,202509050309,単勝,9,9000,
605323,202509050310,単勝,14,14000,
605331,202509050311,単勝,13,13000,
605339,202509050312,単勝,10,10000,
605356,202506050402,単勝,16,16000,
605364,202506050403,単勝,18,18000,
605373,202506050404,単勝,14,14000,
605381,202506050405,単勝,16,16000,
605398,202506050407,単勝,16,16000,
605408,202506050408,単勝,14,14000,
605425,202506050410,単勝,16,16000,
605432,202506050411,単勝,16,16000,
605440,202506050412,単勝,16,16000,
605457,202507050402,単勝,13,13000,
605466,202507050403,単勝,16,16000,
605474,202507050404,単勝,13,13000,
605482,202507050405,単勝,13,13000,
605490,202507050406,単勝,18,18000,
605497,202507050407,単勝,15,15000,
605514,202507050409,単勝,12,12000,
605522,202507050410,単勝,10,10000,
605530,202507050411,単勝,10,10000,
605539,202507050412,単勝,16,16000,
605547,202509050401,単勝,11,11000,
605555,202509050402,単勝,16,16000,
605563,202509050403,単勝,11,11000,
605571,202509050404,単勝,11,11000,
605579,202509050405,単勝,6,6000,
605592,202509050407,単勝,12,12000,
605600,202509050408,単勝,11,11000,
605610,202509050409,単勝,15,15000,
605618,202509050410,単勝,16,16000,
605628,202509050411,単勝,18,18000,
605636,202509050412,単勝,10,10000,
605644,202506050501,単勝,16,16000,
605652,202506050502,単勝,16,16000,
605661,202506050503,単勝,16,16000,
605669,202506050504,単勝,13,13000,
605685,202506050506,単勝,16,16000,
605695,202506050507,単勝,16,16000,
605703,202506050508,単勝,16,16000,
605711,202506050509,単勝,12,12000,
605719,202506050510,単勝,16,16000,
605727,202506050511,単勝,16,16000,
605736,202506050512,単勝,16,16000,
605744,202507050501,単勝,16,16000,
605752,202507050502,単勝,16,16000,
605759,202507050503,単勝,16,16000,
605767,202507050504,単勝,16,16000,
605775,202507050505,単勝,18,18000,
605783,202507050506,単勝,16,16000,
605801,202507050508,単勝,16,16000,
605809,202507050509,単勝,9,9000,
605817,202507050510,単勝,16,16000,
605827,202507050511,単勝,11,11000,
605835,202507050512,単勝,18,18000,
605842,202509050501,単勝,16,16000,
605851,202509050502,単勝,16,16000,
605859,202509050503,単勝,18,18000,
605868,202509050504,単勝,14,14000,
605876,202509050505,単勝,18,18000,
605885,202509050506,単勝,16,16000,
605894,202509050507,単勝,16,16000,
605910,202509050509,単勝,10,10000,
605919,202509050510,単勝,8,8000,
605937,202509050512,単勝,16,16000,
605945,202506050601,単勝,16,16000,
605953,202506050602,単勝,16,16000,
605963,202506050603,単勝,15,15000,
605971,202506050604,単勝,14,14000,
605987,202506050606,単勝,16,16000,
605995,202506050607,単勝,16,16000,
606014,202506050609,単勝,11,11000,
606030,202506050611,単勝,16,16000,
606038,202506050612,単勝,16,16000,
606046,202507050601,単勝,16,16000,
606054,202507050602,単勝,16,16000,
606062,202507050603,単勝,16,16000,
606080,202507050605,単勝,15,15000,
606088,202507050606,単勝,16,16000,
606096,202507050607,単勝,16,16000,
606104,202507050608,単勝,16,16000,
606112,202507050609,単勝,16,16000,
606120,202507050610,単勝,10,10000,
606128,202507050611,単勝,16,16000,
606136,202507050612,単勝,18,18000,
606144,202509050601,単勝,12,12000,
606151,202509050602,単勝,16,16000,
606158,202509050603,単勝,18,18000,
606167,202509050604,単勝,12,12000,
606177,202509050605,単勝,12,12000,
606185,202509050606,単勝,11,11000,
606193,202509050607,単勝,18,18000,
606201,202509050608,単勝,15,15000,
606210,202509050609,単勝,16,16000,
606220,202509050610,単勝,16,16000,
606229,202509050611,単勝,14,14000,
606237,202509050612,単勝,14,14000,
606245,202506050701,単勝,15,15000,
606262,202506050703,単勝,16,16000,
606270,202506050704,単勝,18,18000,
606279,202506050705,単勝,16,16000,
606287,202506050706,単勝,14,14000,
606295,202506050707,単勝,18,18000,
606303,202506050708,単勝,16,16000,
606310,202506050709,単勝,16,16000,
606320,202506050710,単勝,10,10000,
606328,202506050711,単勝,16,16000,
606345,202509050701,単勝,15,15000,
606353,202509050702,単勝,11,11000,
606360,202509050703,単勝,16,16000,
606368,202509050704,単勝,15,15000,
606377,202509050705,単勝,14,14000,
606385,202509050706,単勝,11,11000,
606401,202509050708,単勝,16,16000,
606416,202509050710,単勝,16,16000,
606425,202509050711,単勝,16,16000,
606433,202509050712,単勝,9,9000,
606451,202506050802,単勝,16,16000,
606459,202506050803,単勝,16,16000,
606468,202506050804,単勝,11,11000,
606477,202506050805,単勝,16,16000,
606485,202506050806,単勝,18,18000,
606492,202506050807,単勝,16,16000,
606500,202506050808,単勝,13,13000,
606508,202506050809,単勝,14,14000,
606516,202506050810,単勝,16,16000,
606526,202506050811,単勝,16,16000,
606535,202506050812,単勝,16,16000,
606545,202509050801,単勝,13,13000,
606553,202509050802,単勝,17,17000,
606561,202509050803,単勝,18,18000,
606569,202509050804,単勝,16,16000,
606577,202509050805,単勝,14,14000,
606586,202509050806,単勝,16,16000,
606602,202509050808,単勝,13,13000,
606610,202509050809,単勝,12,12000,
606618,202509050810,単勝,11,11000,
606625,202509050811,単勝,16,16000,
606633,202509050812,単勝,10,10000,
