id,race_id,bet_type,combination,payout
89223,202606030608,単勝,10,10000
89235,202606030609,単勝,12,12000
89343,202609020606,単勝,10,10000
89379,202609020609,単勝,14,14000
116346,202603010303,単勝,16,16000
116430,202603010310,単勝,8,8000
116465,202606030701,単勝,15,15000
116619,202609020702,単勝,16,16000
116857,202603010410,単勝,13,13000
116963,202606030807,単勝,13,13000
117083,202609020805,単勝,13,13000
117286,202603010110,単勝,16,16000
265254,202605020110,単勝,15,15000
268357,202605020112,単勝,13,13000
268381,202608030103,単勝,15,15000
308193,202606010101,単勝,16,16000
308203,202606010102,単勝,13,13000
308213,202606010103,単勝,16,15000
308224,202606010104,単勝,12,12000
308234,202606010105,単勝,16,16000
308244,202606010106,単勝,17,17000
308254,202606010107,単勝,16,16000
308264,202606010108,単勝,16,16000
308274,202606010109,単勝,11,11000
308283,202606010110,単勝,8,8000
308292,202606010111,単勝,14,14000
308302,202606010112,単勝,16,16000
308312,202608010101,単勝,16,16000
308321,202608010102,単勝,16,16000
308331,202608010103,単勝,16,16000
308341,202608010104,単勝,12,12000
308351,202608010105,単勝,18,18000
308361,202608010106,単勝,7,7000
308369,202608010107,単勝,10,10000
308379,202608010108,単勝,16,16000
308389,202608010109,単勝,13,13000
308399,202608010110,単勝,9,9000
308409,202608010111,単勝,18,18000
308419,202608010112,単勝,12,12000
308429,202606010201,単勝,16,16000
308439,202606010202,単勝,16,16000
308448,202606010203,単勝,12,12000
308458,202606010204,単勝,13,13000
308468,202606010205,単勝,16,16000
308478,202606010206,単勝,18,18000
308488,202606010207,単勝,10,10000
308498,202606010208,単勝,9,9000
308508,202606010209,単勝,12,12000
308518,202606010210,単勝,12,11000
308529,202606010211,単勝,14,14000
308539,202606010212,単勝,16,16000
308549,202608010201,単勝,14,14000
308559,202608010202,単勝,16,16000
308569,202608010203,単勝,14,14000
308579,202608010204,単勝,11,11000
308589,202608010205,単勝,17,17000
308599,202608010206,単勝,15,14000
308611,202608010207,単勝,15,15000
308621,202608010208,単勝,15,15000
308631,202608010209,単勝,11,11000
308641,202608010210,単勝,16,16000
308651,202608010211,単勝,9,9000
308661,202608010212,単勝,15,15000
308671,202606010301,単勝,16,16000
308681,202606010302,単勝,16,16000
308691,202606010303,単勝,16,16000
308701,202606010304,単勝,12,12000
308711,202606010305,単勝,15,15000
308721,202606010306,単勝,16,16000
308730,202606010307,単勝,16,16000
308740,202606010308,単勝,13,13000
308750,202606010309,単勝,10,10000
308760,202606010310,単勝,16,16000
308770,202606010311,単勝,17,17000
308779,202606010312,単勝,16,16000
308789,202608010301,単勝,16,16000
308799,202608010302,単勝,14,14000
308809,202608010303,単勝,16,16000
308818,202608010304,単勝,11,11000
308828,202608010305,単勝,18,18000
308838,202608010306,単勝,18,18000
308848,202608010307,単勝,15,15000
308858,202608010308,単勝,11,11000
308868,202608010309,単勝,8,8000
308877,202608010310,単勝,18,18000
308887,202608010311,単勝,16,16000
308897,202608010312,単勝,18,18000
308907,202606010401,単勝,16,16000
308917,202606010402,単勝,16,16000
308927,202606010403,単勝,16,16000
308937,202606010404,単勝,16,16000
308947,202606010405,単勝,16,16000
308957,202606010406,単勝,18,17000
308968,202606010407,単勝,16,16000
308978,202606010408,単勝,16,16000
308988,202606010409,単勝,13,13000
308998,202606010410,単勝,16,16000
309008,202606010411,単勝,16,16000
309017,202606010412,単勝,16,16000
309027,202608010401,単勝,16,16000
309036,202608010402,単勝,16,16000
309046,202608010403,単勝,16,16000
309056,202608010404,単勝,14,14000
309066,202608010405,単勝,10,10000
309076,202608010406,単勝,14,14000
309086,202608010407,単勝,14,14000
309096,202608010408,単勝,16,16000
309106,202608010409,単勝,10,10000
309116,202608010410,単勝,15,15000
309125,202608010411,単勝,16,16000
309135,202608010412,単勝,18,18000
309145,202606010501,単勝,16,16000
309155,202606010502,単勝,16,16000
309165,202606010503,単勝,16,16000
309175,202606010504,単勝,14,14000
309185,202606010505,単勝,16,16000
309195,202606010506,単勝,18,18000
309205,202606010507,単勝,15,15000
309215,202606010508,単勝,11,11000
309225,202606010509,単勝,16,16000
309235,202606010510,単勝,16,16000
309245,202606010511,単勝,14,14000
309255,202606010512,単勝,18,18000
309265,202608010501,単勝,16,16000
309275,202608010502,単勝,16,16000
309285,202608010503,単勝,16,16000
309295,202608010504,単勝,16,16000
309305,202608010505,単勝,18,18000
309315,202608010506,単勝,9,9000
309325,202608010507,単勝,16,16000
309334,202608010508,単勝,15,15000
309343,202608010509,単勝,12,12000
309353,202608010510,単勝,16,16000
309363,202608010511,単勝,16,16000
309373,202608010512,単勝,18,18000
309383,202606010601,単勝,16,16000
309393,202606010602,単勝,16,16000
309403,202606010603,単勝,16,16000
309413,202606010604,単勝,12,12000
309423,202606010605,単勝,18,18000
309433,202606010606,単勝,16,16000
309443,202606010607,単勝,12,12000
309453,202606010608,単勝,16,16000
309463,202606010609,単勝,8,8000
309472,202606010610,単勝,16,16000
309482,202606010611,単勝,16,16000
309492,202606010612,単勝,16,16000
309502,202608010601,単勝,10,10000
309512,202608010602,単勝,16,16000
309522,202608010603,単勝,13,13000
309532,202608010604,単勝,16,16000
309542,202608010605,単勝,18,18000
309552,202608010606,単勝,8,8000
309561,202608010607,単勝,16,15000
309572,202608010608,単勝,8,8000
309581,202608010609,単勝,10,10000
309591,202608010610,単勝,9,9000
309601,202608010611,単勝,16,16000
309611,202608010612,単勝,18,18000
309621,202606010701,単勝,16,16000
309631,202606010702,単勝,16,16000
309641,202606010703,単勝,13,13000
309651,202606010704,単勝,14,14000
309661,202606010705,単勝,16,16000
309671,202606010706,単勝,14,14000
309681,202606010707,単勝,16,16000
309691,202606010708,単勝,16,16000
309701,202606010709,単勝,15,15000
309711,202606010710,単勝,16,16000
309722,202606010711,単勝,15,15000
309732,202606010712,単勝,16,16000
309742,202608010701,単勝,16,16000
309751,202608010702,単勝,12,12000
309761,202608010703,単勝,16,16000
309770,202608010704,単勝,10,10000
309780,202608010705,単勝,17,17000
309790,202608010706,単勝,18,18000
309799,202608010707,単勝,11,11000
309809,202608010708,単勝,12,12000
309818,202608010709,単勝,16,16000
309828,202608010710,単勝,16,16000
309838,202608010711,単勝,13,13000
309848,202608010712,単勝,11,8000
309860,202606010801,単勝,16,16000
309870,202606010802,単勝,16,16000
309879,202606010803,単勝,16,16000
309889,202606010804,単勝,15,15000
309899,202606010805,単勝,18,18000
309909,202606010806,単勝,13,13000
309919,202606010807,単勝,16,16000
309929,202606010808,単勝,12,11000
309941,202606010809,単勝,9,9000
309951,202606010810,単勝,10,10000
309961,202606010811,単勝,18,18000
309971,202606010812,単勝,12,12000
309981,202608010801,単勝,12,12000
309991,202608010802,単勝,14,14000
310001,202608010803,単勝,16,16000
310010,202608010804,単勝,16,16000
310020,202608010805,単勝,18,18000
310030,202608010806,単勝,17,17000
310040,202608010807,単勝,11,11000
310050,202608010808,単勝,15,15000
310060,202608010809,単勝,13,13000
310070,202608010810,単勝,15,15000
310080,202608010811,単勝,14,14000
310090,202608010812,単勝,11,11000
310100,202610010101,単勝,10,10000
310110,202610010102,単勝,16,16000
310120,202610010103,単勝,14,14000
310130,202610010104,単勝,12,12000
310140,202610010105,単勝,11,11000
310150,202610010106,単勝,18,18000
310160,202610010107,単勝,15,15000
310170,202610010108,単勝,7,7000
310178,202610010109,単勝,12,12000
310188,202610010110,単勝,9,9000
310198,202610010111,単勝,18,18000
310208,202610010112,単勝,15,15000
310218,202606010901,単勝,16,16000
310227,202606010902,単勝,14,14000
310237,202606010903,単勝,16,16000
310247,202606010904,単勝,16,16000
310257,202606010905,単勝,18,18000
310268,202606010906,単勝,15,15000
310278,202606010907,単勝,10,9000
310288,202606010908,単勝,15,15000
310298,202606010909,単勝,12,12000
310308,202606010910,単勝,16,16000
310318,202606010911,単勝,16,16000
310327,202606010912,単勝,16,16000
310337,202608010901,単勝,11,11000
310347,202608010902,単勝,16,16000
310357,202608010903,単勝,12,12000
310367,202608010904,単勝,10,10000
310377,202608010905,単勝,18,18000
310387,202608010906,単勝,16,15000
310398,202608010907,単勝,10,10000
310408,202608010908,単勝,10,10000
310418,202608010909,単勝,9,9000
310428,202608010910,単勝,18,18000
310438,202608010911,単勝,16,16000
310448,202608010912,単勝,9,9000
310458,202610010201,単勝,16,16000
310468,202610010202,単勝,18,18000
310478,202610010203,単勝,14,14000
310488,202610010204,単勝,12,12000
310498,202610010205,単勝,18,18000
310508,202610010206,単勝,11,11000
310518,202610010207,単勝,18,18000
310528,202610010208,単勝,16,16000
310538,202610010209,単勝,16,16000
310547,202610010210,単勝,16,16000
310557,202610010211,単勝,12,12000
310567,202610010212,単勝,14,14000
310576,202605010101,単勝,16,16000
310586,202605010102,単勝,16,16000
310596,202605010103,単勝,15,15000
310606,202605010104,単勝,16,16000
310616,202605010105,単勝,16,16000
310626,202605010106,単勝,16,16000
310636,202605010107,単勝,16,16000
310646,202605010108,単勝,16,16000
310656,202605010109,単勝,16,16000
310666,202605010110,単勝,15,15000
310676,202605010111,単勝,10,10000
310685,202605010112,単勝,12,12000
310695,202608020101,単勝,16,16000
310705,202608020102,単勝,9,9000
310714,202608020103,単勝,13,13000
310724,202608020104,単勝,11,11000
310734,202608020105,単勝,15,15000
310744,202608020106,単勝,16,16000
310754,202608020107,単勝,11,11000
310764,202608020108,単勝,10,10000
310774,202608020109,単勝,13,13000
310784,202608020110,単勝,8,8000
310793,202608020111,単勝,13,13000
310803,202608020112,単勝,17,17000
310813,202610010301,単勝,14,14000
310823,202610010302,単勝,18,18000
310833,202610010303,単勝,16,16000
310843,202610010304,単勝,12,12000
310853,202610010305,単勝,11,10000
310863,202610010306,単勝,18,18000
310874,202610010307,単勝,16,16000
310884,202610010308,単勝,18,18000
310893,202610010309,単勝,14,14000
310903,202610010310,単勝,16,16000
310913,202610010311,単勝,18,18000
310923,202610010312,単勝,16,16000
313673,202605010201,単勝,16,16000
313683,202605010202,単勝,13,13000
313693,202605010203,単勝,16,16000
313703,202605010204,単勝,16,16000
313713,202605010205,単勝,16,16000
313723,202605010206,単勝,15,15000
313733,202605010207,単勝,9,9000
313743,202605010208,単勝,11,11000
313753,202605010209,単勝,12,12000
313763,202605010210,単勝,15,15000
313773,202605010211,単勝,16,16000
313783,202605010212,単勝,16,16000
313793,202608020201,単勝,13,13000
313803,202608020202,単勝,15,15000
313812,202608020203,単勝,10,10000
313822,202608020204,単勝,16,16000
313832,202608020205,単勝,13,13000
313842,202608020206,単勝,16,16000
313852,202608020207,単勝,9,9000
313862,202608020208,単勝,11,11000
313872,202608020209,単勝,11,11000
313882,202608020210,単勝,8,8000
313891,202608020211,単勝,18,18000
313901,202608020212,単勝,7,7000
313909,202610010401,単勝,16,16000
313919,202610010402,単勝,18,18000
313929,202610010403,単勝,14,14000
313939,202610010404,単勝,12,12000
313949,202610010405,単勝,18,18000
313959,202610010406,単勝,18,18000
313969,202610010407,単勝,15,15000
313979,202610010408,単勝,13,13000
313989,202610010409,単勝,11,11000
313999,202610010410,単勝,15,15000
314009,202610010411,単勝,15,15000
314019,202610010412,単勝,18,18000
314029,202605010301,単勝,16,16000
314039,202605010302,単勝,16,16000
314049,202605010303,単勝,16,16000
314059,202605010304,単勝,13,13000
314069,202605010305,単勝,16,16000
314079,202605010306,単勝,16,16000
314089,202605010307,単勝,14,14000
314099,202608020301,単勝,10,10000
314109,202608020302,単勝,9,9000
314119,202608020303,単勝,14,14000
314128,202608020304,単勝,16,16000
314138,202608020305,単勝,14,14000
314148,202608020306,単勝,12,12000
314158,202608020307,単勝,9,9000
314168,202608020308,単勝,8,8000
314177,202608020309,単勝,16,16000
314187,202608020310,単勝,9,9000
314197,202608020311,単勝,16,16000
314207,202608020312,単勝,15,15000
314217,202610010501,単勝,16,16000
314227,202610010502,単勝,18,18000
314237,202610010503,単勝,14,14000
314247,202610010504,単勝,12,12000
314256,202610010505,単勝,12,12000
314266,202610010506,単勝,18,18000
314276,202610010507,単勝,18,18000
314286,202610010508,単勝,12,12000
314296,202610010509,単勝,13,13000
314306,202610010510,単勝,16,16000
314316,202610010511,単勝,16,16000
314326,202610010512,単勝,18,17000
314337,202610010601,単勝,16,16000
314347,202610010602,単勝,17,17000
314357,202610010603,単勝,14,13000
314369,202610010605,単勝,10,9000
314379,202610010606,単勝,16,16000
314389,202610010607,単勝,15,15000
314399,202610010608,単勝,16,16000
314409,202610010609,単勝,15,15000
314419,202610010610,単勝,16,16000
314429,202610010611,単勝,12,12000
314439,202610010612,単勝,18,18000
314449,202605010401,単勝,16,15000
314460,202605010402,単勝,13,13000
314470,202605010403,単勝,16,16000
314480,202605010404,単勝,16,16000
314490,202605010405,単勝,16,16000
314500,202605010406,単勝,18,18000
314510,202605010407,単勝,9,9000
314520,202605010408,単勝,16,16000
314530,202605010409,単勝,7,7000
314538,202605010410,単勝,11,11000
314548,202605010411,単勝,16,16000
314558,202605010412,単勝,16,16000
314568,202608020401,単勝,16,16000
314578,202608020402,単勝,9,9000
314588,202608020403,単勝,15,14000
314598,202608020404,単勝,9,9000
314607,202608020405,単勝,16,16000
314617,202608020406,単勝,15,15000
314627,202608020407,単勝,8,8000
314636,202608020408,単勝,13,13000
314646,202608020409,単勝,13,13000
314656,202608020410,単勝,16,16000
314666,202608020411,単勝,9,9000
314676,202608020412,単勝,16,15000
314687,202605010501,単勝,16,16000
314697,202605010502,単勝,16,16000
314707,202605010503,単勝,16,16000
314717,202605010504,単勝,16,15000
314728,202605010505,単勝,16,16000
314738,202605010506,単勝,16,16000
314748,202605010507,単勝,16,16000
314758,202605010508,単勝,16,16000
314767,202605010509,単勝,8,8000
314776,202605010510,単勝,16,16000
314786,202605010511,単勝,16,16000
314795,202605010512,単勝,16,16000
314805,202608020501,単勝,13,13000
314815,202608020502,単勝,16,16000
314824,202608020503,単勝,11,11000
314834,202608020504,単勝,16,16000
314844,202608020505,単勝,16,14000
314855,202608020506,単勝,17,17000
314865,202608020507,単勝,15,15000
314875,202608020508,単勝,13,13000
314885,202608020509,単勝,11,11000
314895,202608020510,単勝,16,16000
314905,202608020511,単勝,14,14000
314914,202608020512,単勝,15,15000
314924,202610010701,単勝,16,16000
314934,202610010702,単勝,18,18000
314944,202610010703,単勝,14,14000
314954,202610010704,単勝,12,12000
314964,202610010705,単勝,18,18000
314974,202610010706,単勝,18,18000
314984,202610010707,単勝,16,16000
314994,202610010708,単勝,13,13000
315004,202610010709,単勝,10,10000
315014,202610010710,単勝,14,14000
315024,202610010711,単勝,18,18000
315034,202610010712,単勝,15,15000
315044,202605010601,単勝,16,16000
315054,202605010602,単勝,13,13000
315064,202605010603,単勝,16,16000
315074,202605010604,単勝,13,13000
315084,202605010605,単勝,16,16000
315094,202605010606,単勝,14,14000
315103,202605010607,単勝,16,16000
315113,202605010608,単勝,14,14000
315122,202605010609,単勝,16,16000
315132,202605010610,単勝,16,16000
315142,202605010611,単勝,9,9000
315152,202605010612,単勝,16,16000
315161,202608020601,単勝,10,10000
315171,202608020602,単勝,12,11000
315182,202608020603,単勝,16,16000
315192,202608020604,単勝,9,9000
315202,202608020605,単勝,15,15000
315212,202608020606,単勝,18,18000
315222,202608020607,単勝,13,13000
315232,202608020608,単勝,12,12000
315242,202608020609,単勝,11,11000
315252,202608020610,単勝,10,10000
315262,202608020611,単勝,12,12000
315272,202608020612,単勝,16,16000
315282,202610010801,単勝,16,16000
315292,202610010802,単勝,18,18000
315301,202610010803,単勝,14,14000
315311,202610010804,単勝,12,12000
315321,202610010805,単勝,16,16000
315331,202610010806,単勝,16,16000
315341,202610010807,単勝,14,14000
315351,202610010808,単勝,15,15000
315361,202610010809,単勝,7,7000
315369,202610010810,単勝,18,18000
315379,202610010811,単勝,18,18000
315389,202610010812,単勝,13,13000
315399,202605010701,単勝,16,16000
315409,202605010702,単勝,16,16000
315419,202605010703,単勝,16,16000
315429,202605010704,単勝,16,16000
315439,202605010705,単勝,14,14000
315449,202605010706,単勝,16,16000
315459,202605010707,単勝,16,16000
315469,202605010708,単勝,12,12000
315479,202605010709,単勝,7,7000
315487,202605010710,単勝,16,16000
315497,202605010711,単勝,15,15000
315506,202605010712,単勝,16,16000
315516,202609010101,単勝,16,16000
315526,202609010102,単勝,14,14000
315536,202609010103,単勝,16,15000
315548,202609010104,単勝,14,14000
315558,202609010105,単勝,18,18000
315568,202609010106,単勝,11,11000
315578,202609010107,単勝,16,16000
315588,202609010108,単勝,7,7000
315596,202609010109,単勝,18,18000
315606,202609010110,単勝,16,16000
315616,202609010111,単勝,18,18000
315626,202609010112,単勝,15,13000
315637,202610010901,単勝,14,14000
315646,202610010902,単勝,18,18000
315656,202610010903,単勝,14,14000
315665,202610010904,単勝,12,12000
315675,202610010905,単勝,12,12000
315685,202610010906,単勝,16,16000
315695,202610010907,単勝,16,16000
315705,202610010908,単勝,16,16000
315715,202610010909,単勝,10,10000
315725,202610010910,単勝,16,16000
315735,202610010911,単勝,13,13000
315745,202610010912,単勝,18,18000
315755,202605010801,単勝,16,16000
315765,202605010802,単勝,13,13000
315775,202605010803,単勝,16,16000
315785,202605010804,単勝,16,16000
315795,202605010805,単勝,12,12000
315805,202605010806,単勝,16,16000
315815,202605010807,単勝,16,16000
315825,202605010808,単勝,16,16000
315835,202605010809,単勝,10,10000
315845,202605010810,単勝,14,14000
315855,202605010811,単勝,16,16000
315865,202605010812,単勝,16,16000
315875,202609010201,単勝,10,10000
315885,202609010202,単勝,16,16000
315895,202609010203,単勝,11,11000
315905,202609010204,単勝,14,14000
315915,202609010205,単勝,13,13000
315925,202609010206,単勝,11,11000
315935,202609010207,単勝,9,9000
315945,202609010208,単勝,15,15000
315955,202609010209,単勝,10,10000
315965,202609010210,単勝,8,8000
315974,202609010211,単勝,12,12000
315984,202609010212,単勝,16,16000
315994,202610011001,単勝,12,11000
316006,202610011002,単勝,18,18000
316016,202610011003,単勝,14,14000
316026,202610011004,単勝,12,12000
316036,202610011005,単勝,13,13000
316046,202610011006,単勝,16,16000
316056,202610011007,単勝,14,14000
316065,202610011008,単勝,14,14000
316075,202610011009,単勝,12,12000
316085,202610011010,単勝,16,16000
316095,202610011011,単勝,16,16000
316105,202610011012,単勝,18,18000
316115,202606020101,単勝,16,15000
316126,202606020102,単勝,15,15000
316136,202606020103,単勝,16,16000
316146,202606020104,単勝,12,12000
316156,202606020105,単勝,18,18000
316166,202606020106,単勝,9,9000
316176,202606020107,単勝,16,16000
316185,202606020108,単勝,13,13000
316195,202606020109,単勝,8,8000
316204,202606020110,単勝,16,16000
316214,202606020111,単勝,16,16000
316224,202606020112,単勝,16,16000
316234,202609010301,単勝,16,16000
316244,202609010302,単勝,14,14000
316254,202609010303,単勝,16,16000
316264,202609010304,単勝,14,14000
316273,202609010305,単勝,14,14000
316283,202609010306,単勝,13,13000
316293,202609010307,単勝,16,16000
316303,202609010308,単勝,15,15000
316313,202609010309,単勝,9,9000
316323,202609010310,単勝,9,9000
316333,202609010311,単勝,16,16000
316343,202609010312,単勝,18,18000
316353,202610011101,単勝,16,16000
316363,202610011102,単勝,18,18000
316373,202610011103,単勝,14,14000
316383,202610011104,単勝,12,12000
316393,202610011105,単勝,12,12000
316403,202610011106,単勝,16,16000
316413,202610011107,単勝,13,13000
316423,202610011108,単勝,13,13000
316433,202610011109,単勝,16,16000
316442,202610011110,単勝,16,16000
316452,202610011111,単勝,15,15000
316462,202610011112,単勝,18,18000
319269,202606020201,単勝,16,16000
319279,202606020202,単勝,16,16000
319289,202606020203,単勝,16,16000
319299,202606020204,単勝,8,8000
319310,202606020205,単勝,16,16000
319320,202606020206,単勝,15,15000
319330,202606020207,単勝,12,12000
319340,202606020208,単勝,16,16000
319350,202606020209,単勝,10,10000
319360,202606020210,単勝,15,15000
319370,202606020211,単勝,14,14000
319380,202606020212,単勝,16,16000
319390,202609010401,単勝,13,13000
319400,202609010402,単勝,16,16000
319410,202609010403,単勝,12,12000
319419,202609010404,単勝,8,8000
319428,202609010405,単勝,13,13000
319438,202609010406,単勝,8,8000
319446,202609010407,単勝,16,15000
319456,202609010408,単勝,15,15000
319466,202609010409,単勝,9,9000
319476,202609010410,単勝,14,14000
319486,202609010411,単勝,15,15000
319496,202609010412,単勝,16,16000
319506,202610011201,単勝,16,15000
319517,202610011202,単勝,16,16000
319527,202610011203,単勝,14,14000
319537,202610011204,単勝,12,12000
319547,202610011205,単勝,18,18000
319557,202610011206,単勝,16,16000
319567,202610011207,単勝,18,18000
319577,202610011208,単勝,15,15000
319587,202610011209,単勝,18,18000
319597,202610011210,単勝,18,18000
319607,202610011211,単勝,17,17000
319617,202610011212,単勝,16,16000
319627,202606020301,単勝,16,16000
319637,202606020302,単勝,15,14000
319648,202606020303,単勝,16,16000
319658,202606020304,単勝,14,14000
319668,202606020305,単勝,18,18000
319677,202606020306,単勝,18,18000
319687,202606020307,単勝,16,15000
319697,202606020308,単勝,14,14000
319707,202606020309,単勝,13,13000
319717,202606020310,単勝,14,14000
319727,202606020311,単勝,16,16000
319737,202606020312,単勝,16,16000
319747,202609010501,単勝,14,14000
319757,202609010502,単勝,16,16000
319767,202609010503,単勝,13,13000
319777,202609010504,単勝,13,13000
319787,202609010505,単勝,18,18000
319797,202609010506,単勝,12,12000
319807,202609010507,単勝,8,8000
319816,202609010508,単勝,10,10000
319826,202609010509,単勝,9,9000
319836,202609010510,単勝,15,15000
319846,202609010511,単勝,18,18000
319856,202609010512,単勝,16,16000
319866,202606020401,単勝,16,16000
319876,202606020402,単勝,16,16000
319886,202606020403,単勝,14,14000
319896,202606020404,単勝,14,14000
319905,202606020405,単勝,16,16000
319915,202606020406,単勝,16,16000
319924,202606020407,単勝,11,11000
319934,202606020408,単勝,13,13000
319944,202606020409,単勝,16,16000
319954,202606020410,単勝,15,15000
319963,202606020411,単勝,10,10000
319973,202606020412,単勝,16,16000
319983,202609010601,単勝,12,12000
319993,202609010602,単勝,16,16000
320002,202609010603,単勝,14,14000
320011,202609010604,単勝,16,16000
320021,202609010605,単勝,16,16000
320031,202609010606,単勝,9,9000
320041,202609010607,単勝,9,9000
320051,202609010608,単勝,9,9000
320061,202609010609,単勝,6,6000
320069,202609010610,単勝,14,14000
320081,202609010611,単勝,13,13000
320091,202609010612,単勝,14,13000
320101,202606020501,単勝,15,15000
320111,202606020502,単勝,16,16000
320121,202606020503,単勝,16,16000
320131,202606020504,単勝,16,16000
320140,202606020505,単勝,16,16000
320150,202606020506,単勝,16,16000
320160,202606020507,単勝,10,10000
320169,202606020508,単勝,16,16000
320179,202606020509,単勝,11,10000
320190,202606020510,単勝,16,16000
320200,202606020511,単勝,16,16000
320210,202606020512,単勝,16,16000
320220,202607010101,単勝,10,10000
320230,202607010102,単勝,16,16000
320240,202607010103,単勝,13,13000
320249,202607010104,単勝,16,16000
320259,202607010105,単勝,18,18000
320269,202607010106,単勝,16,16000
320279,202607010107,単勝,16,16000
320288,202607010108,単勝,16,16000
320298,202607010109,単勝,10,10000
320308,202607010110,単勝,10,10000
320318,202607010111,単勝,14,14000
320328,202607010112,単勝,18,18000
320337,202609010701,単勝,13,13000
320347,202609010702,単勝,16,16000
320357,202609010703,単勝,13,13000
320367,202609010704,単勝,18,18000
320377,202609010705,単勝,18,17000
320388,202609010706,単勝,13,13000
320398,202609010707,単勝,16,16000
320408,202609010708,単勝,10,10000
320418,202609010709,単勝,15,15000
320428,202609010710,単勝,11,11000
320437,202609010711,単勝,13,13000
320447,202609010712,単勝,8,8000
320456,202606020601,単勝,16,16000
320466,202606020602,単勝,16,16000
320476,202606020603,単勝,16,16000
320486,202606020604,単勝,16,16000
320496,202606020605,単勝,18,18000
320506,202606020606,単勝,16,16000
320516,202606020607,単勝,15,15000
320526,202606020608,単勝,10,10000
320536,202606020609,単勝,11,11000
320546,202606020610,単勝,16,16000
320556,202606020611,単勝,16,16000
320566,202606020612,単勝,16,16000
320576,202607010201,単勝,16,16000
320586,202607010202,単勝,13,13000
320596,202607010203,単勝,16,16000
320606,202607010204,単勝,18,18000
320616,202607010205,単勝,15,15000
320626,202607010206,単勝,16,16000
320636,202607010207,単勝,15,15000
320646,202607010208,単勝,12,12000
320656,202607010209,単勝,16,15000
320668,202607010210,単勝,12,12000
320678,202607010211,単勝,14,14000
320688,202607010212,単勝,18,18000
320698,202609010801,単勝,16,16000
320708,202609010802,単勝,14,14000
320718,202609010803,単勝,16,16000
320728,202609010804,単勝,14,14000
320738,202609010805,単勝,16,16000
320748,202609010806,単勝,11,11000
320758,202609010807,単勝,13,13000
320768,202609010808,単勝,11,11000
320778,202609010809,単勝,7,7000
320786,202609010810,単勝,14,14000
320796,202609010811,単勝,16,16000
320806,202609010812,単勝,13,13000
320816,202606020701,単勝,16,16000
320826,202606020702,単勝,12,12000
320836,202606020703,単勝,16,16000
320846,202606020704,単勝,13,13000
320856,202606020705,単勝,13,13000
320866,202606020706,単勝,13,13000
320876,202606020707,単勝,16,16000
320886,202606020708,単勝,10,10000
320896,202606020709,単勝,16,15000
320906,202606020710,単勝,13,13000
320916,202606020711,単勝,16,16000
320926,202606020712,単勝,16,16000
320936,202607010301,単勝,13,13000
320946,202607010302,単勝,16,16000
320956,202607010303,単勝,13,13000
320966,202607010304,単勝,18,18000
320975,202607010305,単勝,18,18000
320985,202607010306,単勝,18,18000
320995,202607010307,単勝,16,16000
321005,202607010308,単勝,13,13000
321015,202607010309,単勝,10,10000
321025,202607010310,単勝,16,16000
321034,202607010311,単勝,17,17000
321044,202607010312,単勝,14,14000
321054,202609010901,単勝,10,10000
321064,202609010902,単勝,13,13000
321074,202609010903,単勝,10,10000
321084,202609010904,単勝,15,15000
321094,202609010905,単勝,18,18000
321104,202609010906,単勝,16,16000
321114,202609010907,単勝,11,11000
321124,202609010908,単勝,12,12000
321134,202609010909,単勝,8,8000
321143,202609010910,単勝,16,16000
321154,202609010911,単勝,12,12000
321164,202609010912,単勝,15,15000
321174,202606020801,単勝,16,16000
321184,202606020802,単勝,15,15000
321194,202606020803,単勝,14,14000
321204,202606020804,単勝,14,14000
321214,202606020805,単勝,16,16000
321224,202606020806,単勝,18,18000
321234,202606020807,単勝,8,8000
321243,202606020808,単勝,16,15000
321255,202606020809,単勝,16,16000
321265,202606020810,単勝,9,9000
321275,202606020811,単勝,16,16000
321284,202606020812,単勝,16,16000
321294,202607010401,単勝,14,14000
321304,202607010402,単勝,16,16000
321314,202607010403,単勝,15,15000
321323,202607010404,単勝,15,15000
321333,202607010405,単勝,16,16000
321342,202607010406,単勝,17,17000
321351,202607010407,単勝,15,15000
321360,202607010408,単勝,18,18000
321370,202607010409,単勝,10,10000
321380,202607010410,単勝,16,16000
321390,202607010411,単勝,18,18000
321400,202607010412,単勝,16,16000
321410,202609011001,単勝,14,14000
321420,202609011002,単勝,13,13000
321430,202609011003,単勝,13,13000
321440,202609011004,単勝,17,17000
321450,202609011005,単勝,11,11000
321460,202609011006,単勝,13,13000
321470,202609011007,単勝,11,10000
321481,202609011008,単勝,10,10000
321491,202609011009,単勝,8,8000
321500,202609011010,単勝,16,16000
321510,202609011011,単勝,10,10000
321520,202609011012,単勝,13,12000
321531,202606030101,単勝,16,16000
321541,202606030102,単勝,16,16000
321551,202606030103,単勝,16,16000
321561,202606030104,単勝,16,16000
321571,202606030105,単勝,16,16000
321580,202606030106,単勝,11,11000
321590,202606030107,単勝,13,13000
321600,202606030108,単勝,12,12000
321610,202606030109,単勝,16,16000
321620,202606030110,単勝,10,10000
321630,202606030111,単勝,15,15000
321638,202606030112,単勝,16,16000
321648,202607010501,単勝,16,16000
321658,202607010502,単勝,13,13000
321668,202607010503,単勝,16,16000
321678,202607010504,単勝,14,14000
321688,202607010505,単勝,15,15000
321698,202607010506,単勝,16,16000
321708,202607010507,単勝,16,15000
321720,202607010508,単勝,15,14000
321731,202607010509,単勝,9,9000
321741,202607010510,単勝,12,12000
321751,202607010511,単勝,16,16000
321761,202607010512,単勝,16,16000
321771,202609020101,単勝,16,16000
321781,202609020102,単勝,11,11000
321791,202609020103,単勝,16,16000
321801,202609020104,単勝,13,13000
321811,202609020105,単勝,18,18000
321821,202609020106,単勝,11,11000
321831,202609020107,単勝,12,12000
321841,202609020108,単勝,11,11000
321851,202609020109,単勝,7,7000
321859,202609020110,単勝,11,11000
321869,202609020111,単勝,7,7000
321877,202609020112,単勝,14,14000
321887,202606030201,単勝,16,16000
321897,202606030202,単勝,16,16000
321908,202606030203,単勝,15,15000
321918,202606030204,単勝,16,16000
321928,202606030205,単勝,13,13000
321938,202606030206,単勝,13,13000
321948,202606030207,単勝,15,15000
321958,202606030208,単勝,16,16000
321968,202606030209,単勝,7,7000
321976,202606030210,単勝,15,15000
321986,202606030211,単勝,16,15000
321997,202606030212,単勝,11,11000
322006,202607010601,単勝,16,16000
322015,202607010602,単勝,14,14000
322024,202607010603,単勝,15,15000
322034,202607010604,単勝,18,17000
322044,202607010605,単勝,16,16000
322054,202607010606,単勝,13,13000
322064,202607010607,単勝,13,13000
322074,202607010608,単勝,7,7000
322082,202607010609,単勝,16,15000
322093,202607010610,単勝,15,15000
322103,202607010611,単勝,18,18000
322113,202607010612,単勝,16,16000
322123,202609020201,単勝,14,14000
322132,202609020202,単勝,9,9000
322142,202609020203,単勝,16,16000
322152,202609020204,単勝,14,14000
322162,202609020205,単勝,12,12000
322172,202609020206,単勝,10,10000
322182,202609020207,単勝,14,14000
322192,202609020208,単勝,7,7000
322200,202609020209,単勝,15,15000
322210,202609020210,単勝,11,11000
322220,202609020211,単勝,13,13000
322230,202609020212,単勝,16,16000
325209,202606030301,単勝,16,16000
325219,202606030302,単勝,14,14000
325229,202606030303,単勝,16,16000
325239,202606030304,単勝,14,14000
325249,202606030305,単勝,16,16000
325258,202606030306,単勝,13,13000
325268,202606030307,単勝,12,12000
325277,202606030308,単勝,11,11000
325287,202606030309,単勝,13,12000
325299,202606030310,単勝,15,15000
325309,202606030311,単勝,16,15000
325320,202606030312,単勝,16,16000
325330,202609020301,単勝,16,16000
325340,202609020302,単勝,16,16000
325350,202609020303,単勝,14,14000
325359,202609020304,単勝,18,18000
325369,202609020305,単勝,18,18000
325379,202609020306,単勝,16,16000
325389,202609020307,単勝,9,9000
325398,202609020308,単勝,9,9000
325408,202609020309,単勝,9,9000
325418,202609020310,単勝,16,16000
325427,202609020311,単勝,14,14000
325438,202609020312,単勝,15,15000
325687,202606030401,単勝,16,16000
325697,202606030402,単勝,16,16000
325707,202606030403,単勝,16,16000
325717,202606030404,単勝,14,13000
325728,202606030405,単勝,16,16000
325738,202606030406,単勝,16,16000
325747,202606030407,単勝,14,14000
325757,202606030408,単勝,16,16000
325767,202606030409,単勝,8,8000
325776,202606030410,単勝,16,16000
325785,202606030411,単勝,16,16000
325795,202606030412,単勝,12,12000
325804,202609020401,単勝,15,15000
325814,202609020402,単勝,13,12000
325825,202609020403,単勝,16,16000
325835,202609020404,単勝,15,15000
325845,202609020405,単勝,13,13000
325855,202609020406,単勝,9,9000
325865,202609020407,単勝,15,15000
325875,202609020408,単勝,11,11000
325885,202609020409,単勝,12,12000
325895,202609020410,単勝,18,18000
325905,202609020411,単勝,15,15000
325915,202609020412,単勝,16,16000
326163,202603010101,単勝,15,15000
326173,202603010102,単勝,16,16000
326183,202603010103,単勝,16,16000
326193,202603010104,単勝,16,16000
326203,202603010105,単勝,16,16000
326213,202603010106,単勝,15,15000
326223,202603010107,単勝,15,15000
326233,202603010108,単勝,16,16000
326243,202603010109,単勝,16,16000
326264,202603010111,単勝,15,15000
326274,202603010112,単勝,16,16000
326283,202606030501,単勝,16,16000
326293,202606030502,単勝,16,16000
326303,202606030503,単勝,13,13000
326313,202606030504,単勝,14,14000
326323,202606030505,単勝,16,15000
326335,202606030506,単勝,18,18000
326345,202606030507,単勝,16,16000
326355,202606030508,単勝,16,16000
326365,202606030509,単勝,7,7000
326373,202606030510,単勝,13,13000
326383,202606030511,単勝,15,15000
326393,202606030512,単勝,16,16000
326403,202609020501,単勝,16,16000
326413,202609020502,単勝,16,16000
326423,202609020503,単勝,13,13000
326433,202609020504,単勝,16,15000
326443,202609020505,単勝,12,12000
326453,202609020506,単勝,15,15000
326463,202609020507,単勝,11,11000
326473,202609020508,単勝,16,16000
326483,202609020509,単勝,8,8000
326492,202609020510,単勝,13,13000
326502,202609020511,単勝,10,10000
326512,202609020512,単勝,16,16000
326881,202603010201,単勝,15,15000
326891,202603010202,単勝,16,16000
326901,202603010203,単勝,15,15000
326911,202603010204,単勝,16,16000
326921,202603010205,単勝,16,16000
326931,202603010206,単勝,15,15000
326941,202603010207,単勝,15,15000
326951,202603010208,単勝,16,16000
326961,202603010209,単勝,13,13000
326971,202603010210,単勝,16,16000
326981,202603010211,単勝,15,15000
326991,202603010212,単勝,15,15000
327001,202606030601,単勝,15,15000
327011,202606030602,単勝,15,14000
327023,202606030603,単勝,14,14000
327033,202606030604,単勝,14,14000
327043,202606030605,単勝,18,18000
327053,202606030606,単勝,11,11000
327063,202606030607,単勝,15,15000
327093,202606030610,単勝,12,12000
327102,202606030611,単勝,16,16000
327112,202606030612,単勝,13,13000
327121,202609020601,単勝,16,16000
327131,202609020602,単勝,16,16000
327141,202609020603,単勝,16,16000
327151,202609020604,単勝,18,18000
327161,202609020605,単勝,16,16000
327181,202609020607,単勝,11,11000
327191,202609020608,単勝,11,11000
327211,202609020610,単勝,15,15000
327221,202609020611,単勝,18,18000
327231,202609020612,単勝,13,13000
327601,202603010301,単勝,16,16000
327611,202603010302,単勝,16,16000
327631,202603010304,単勝,15,15000
327641,202603010305,単勝,16,16000
327650,202603010306,単勝,15,15000
327660,202603010307,単勝,15,15000
327670,202603010308,単勝,15,15000
327680,202603010309,単勝,9,9000
327699,202603010311,単勝,15,15000
327709,202603010312,単勝,16,16000
327729,202606030702,単勝,11,11000
327739,202606030703,単勝,14,14000
327749,202606030704,単勝,13,13000
327759,202606030705,単勝,16,16000
327769,202606030706,単勝,6,6000
327777,202606030707,単勝,10,10000
327787,202606030708,単勝,16,16000
327797,202606030709,単勝,12,12000
327807,202606030710,単勝,13,13000
327817,202606030711,単勝,10,10000
327827,202606030712,単勝,13,13000
327837,202609020701,単勝,15,15000
327857,202609020703,単勝,15,15000
327867,202609020704,単勝,18,18000
327877,202609020705,単勝,6,5000
327885,202609020706,単勝,15,14000
327896,202609020707,単勝,14,14000
327906,202609020708,単勝,9,9000
327916,202609020709,単勝,14,14000
327926,202609020710,単勝,9,9000
327936,202609020711,単勝,16,16000
327945,202609020712,単勝,15,15000
327954,202603010401,単勝,16,16000
327964,202603010402,単勝,15,15000
327974,202603010403,単勝,16,16000
327984,202603010404,単勝,15,15000
327994,202603010405,単勝,16,16000
328003,202603010406,単勝,13,13000
328013,202603010407,単勝,10,10000
328023,202603010408,単勝,15,15000
328033,202603010409,単勝,16,16000
328053,202603010411,単勝,16,16000
328063,202603010412,単勝,15,15000
328073,202606030801,単勝,12,12000
328083,202606030802,単勝,16,16000
328093,202606030803,単勝,14,14000
328103,202606030804,単勝,16,16000
328113,202606030805,単勝,10,10000
328123,202606030806,単勝,6,6000
328141,202606030808,単勝,12,11000
328153,202606030809,単勝,12,12000
328163,202606030810,単勝,15,15000
328173,202606030811,単勝,18,18000
328182,202606030812,単勝,18,18000
328191,202609020801,単勝,16,16000
328201,202609020802,単勝,16,16000
328211,202609020803,単勝,16,16000
328221,202609020804,単勝,14,14000
328240,202609020806,単勝,15,15000
328250,202609020807,単勝,8,8000
328259,202609020808,単勝,11,11000
328269,202609020809,単勝,10,10000
328279,202609020810,単勝,13,13000
328289,202609020811,単勝,10,10000
328299,202609020812,単勝,10,10000
329089,202608030201,単勝,16,16000
393361,202603010501,単勝,15,15000
393371,202603010502,単勝,16,16000
393382,202603010503,単勝,16,16000
393392,202603010504,単勝,16,16000
393402,202603010505,単勝,16,16000
393412,202603010506,単勝,15,15000
393422,202603010507,単勝,12,12000
393432,202603010508,単勝,15,15000
393442,202603010509,単勝,16,16000
393452,202603010510,単勝,16,16000
393462,202603010511,単勝,12,11000
393474,202603010512,単勝,16,16000
393485,202605020101,単勝,14,14000
393495,202605020102,単勝,16,16000
393505,202605020103,単勝,13,13000
393515,202605020104,単勝,15,15000
393525,202605020105,単勝,18,18000
393535,202605020106,単勝,16,16000
393545,202605020107,単勝,16,16000
393556,202605020108,単勝,8,8000
393565,202605020109,単勝,9,9000
393585,202605020111,単勝,18,18000
393605,202608030101,単勝,16,16000
393615,202608030102,単勝,16,16000
393637,202608030104,単勝,11,11000
393647,202608030105,単勝,12,12000
393657,202608030106,単勝,17,16000
393668,202608030107,単勝,14,14000
393678,202608030108,単勝,6,6000
393686,202608030109,単勝,16,16000
393697,202608030110,単勝,11,11000
393708,202608030111,単勝,12,12000
393719,202608030112,単勝,11,11000
393728,202603010601,単勝,16,16000
393738,202603010602,単勝,16,16000
393752,202603010603,単勝,15,15000
393763,202603010604,単勝,16,16000
393773,202603010605,単勝,15,15000
393783,202603010606,単勝,13,13000
393793,202603010607,単勝,15,15000
393803,202603010608,単勝,15,15000
393813,202603010609,単勝,13,13000
393823,202603010610,単勝,15,15000
393833,202603010611,単勝,16,16000
393843,202603010612,単勝,16,16000
393853,202605020201,単勝,16,15000
393864,202605020202,単勝,14,14000
393874,202605020203,単勝,16,16000
393885,202605020204,単勝,10,10000
393895,202605020205,単勝,18,18000
393906,202605020206,単勝,8,8000
393914,202605020207,単勝,16,16000
393924,202605020208,単勝,11,11000
393934,202605020209,単勝,16,16000
393944,202605020210,単勝,16,15000
393954,202605020211,単勝,13,12000
393965,202605020212,単勝,16,16000
393985,202608030202,単勝,15,15000
393995,202608030203,単勝,18,18000
394006,202608030204,単勝,14,14000
394016,202608030205,単勝,12,12000
394026,202608030206,単勝,11,11000
394036,202608030207,単勝,14,14000
394046,202608030208,単勝,15,15000
394057,202608030209,単勝,11,11000
394067,202608030210,単勝,18,18000
394078,202608030211,単勝,18,18000
394088,202608030212,単勝,14,14000
541975,202503010503,単勝,6,7000
549474,202510020108,単勝,16,15000
551020,202503020507,単勝,15,14000
556052,202501020112,単勝,7,6000
556896,202501020312,単勝,16,15000
557873,202506040110,単勝,8,7000
564358,202505050104,単勝,16,14000
564489,202508040103,単勝,10,9000
581893,202605020310,単勝,11,11000
585849,202604010101,単勝,14,14000
585857,202604010102,単勝,15,15000
585865,202604010103,単勝,15,15000
585873,202604010104,単勝,11,11000
585883,202604010105,単勝,16,16000
585892,202604010106,単勝,14,14000
585900,202604010107,単勝,15,15000
585907,202604010108,単勝,13,13000
585914,202604010109,単勝,15,15000
585922,202604010110,単勝,15,15000
585929,202604010111,単勝,15,15000
585937,202604010112,単勝,16,16000
585945,202605020301,単勝,16,16000
585953,202605020302,単勝,14,14000
585961,202605020303,単勝,9,9000
585968,202605020304,単勝,10,10000
585976,202605020305,単勝,18,18000
585984,202605020306,単勝,7,7000
585991,202605020307,単勝,16,16000
585999,202605020308,単勝,10,10000
586007,202605020309,単勝,16,16000
586023,202605020311,単勝,18,18000
586032,202605020312,単勝,14,14000
586040,202608030301,単勝,16,16000
586048,202608030302,単勝,15,15000
586056,202608030303,単勝,18,18000
586066,202608030304,単勝,18,18000
586074,202608030305,単勝,13,13000
586082,202608030306,単勝,11,11000
586090,202608030307,単勝,12,12000
586098,202608030308,単勝,13,13000
586108,202608030309,単勝,9,9000
586116,202608030310,単勝,12,12000
586125,202608030311,単勝,12,12000
586133,202608030312,単勝,10,10000
587688,202504010108,単勝,13,11000
587824,202508020301,単勝,16,15000
587987,202504010209,単勝,15,14000
588251,202504010304,単勝,12,11000
588584,202504010409,単勝,14,13000
588651,202505020605,単勝,16,15000
588677,202505020608,単勝,12,11000
588890,202504010510,単勝,11,10000
589011,202508020701,単勝,11,10000
589142,202504010605,単勝,12,11000
589295,202505020811,単勝,18,17000
589322,202508020802,単勝,13,12000
589508,202504010712,単勝,15,14000
589557,202505020906,単勝,14,13000
589632,202508020903,単勝,18,17000
589779,202504010809,単勝,16,15000
590127,202508021104,単勝,18,17000
590213,202505021202,単勝,16,15000
590230,202505021204,単勝,15,14000
590303,202508021201,単勝,16,15000
590430,202505030105,単勝,10,9000
590610,202505030203,単勝,18,17000
590627,202505030205,単勝,11,10000
590853,202502010109,単勝,12,11000
591071,202509030311,単勝,13,12000
591127,202502010206,単勝,13,12000
591615,202509030506,単勝,15,14000
591678,202502010401,単勝,16,15000
593159,202502010903,単勝,13,12000
593455,202502011002,単勝,14,13000
593514,202502011009,単勝,12,11000
593737,202510020612,単勝,16,15000
593788,202502011106,単勝,14,13000
593925,202503020711,単勝,11,10000
594376,202501010106,単勝,14,13000
594693,202501010209,単勝,9,8000
595023,202504020304,単勝,13,12000
595042,202504020306,単勝,15,14000
595052,202504020307,単勝,15,14000
595147,202507030307,単勝,13,12000
595228,202501010405,単勝,8,7000
595284,202501010412,単勝,8,7000
595444,202507030409,単勝,18,17000
595494,202501010503,単勝,16,15000
595511,202501010505,単勝,12,11000
595698,202507030504,単勝,11,10000
595745,202507030510,単勝,15,14000
596016,202507030607,単勝,18,17000
596052,202507030611,単勝,16,15000
596204,202504020706,単勝,12,11000
596370,202501010803,単勝,16,15000
596521,202504020810,単勝,10,9000
596683,202501020106,単勝,14,13000
596952,202501020202,単勝,12,11000
596969,202501020204,単勝,14,13000
597082,202504030206,単勝,14,13000
597380,202504030307,単勝,18,17000
597454,202507040304,単勝,16,15000
597686,202504030409,単勝,12,11000
597704,202504030411,単勝,17,16000
597808,202507040412,単勝,14,13000
597850,202501020505,単勝,11,10000
597918,202506040101,単勝,10,9000
597943,202506040104,単勝,16,15000
598283,202506040210,単勝,13,12000
598454,202506040308,単勝,16,15000
598642,202506040408,単勝,16,15000
598701,202509040403,単勝,16,15000
598711,202509040404,単勝,16,15000
598768,202509040411,単勝,18,17000
599032,202506040608,単勝,16,15000
599357,202509040712,単勝,16,15000
599482,202509040803,単勝,15,14000
599663,202509040901,単勝,13,12000
599775,202505040103,単勝,18,17000
600020,202505040209,単勝,18,17000
600271,202508030304,単勝,11,10000
600280,202508030305,単勝,18,17000
600348,202505040401,単勝,16,15000
600888,202505040608,単勝,8,7000
600988,202508030609,単勝,13,12000
600996,202508030610,単勝,10,9000
601123,202505040701,単勝,14,13000
602060,202508031009,単勝,12,11000
602070,202508031010,単勝,14,13000
602144,202505041107,単勝,16,15000
602230,202508031106,単勝,15,14000
602248,202508031108,単勝,16,15000
602396,202505050101,単勝,16,15000
602767,202505050209,単勝,16,15000
603017,202505050303,単勝,15,14000
603699,202505050503,単勝,18,17000
604031,202505050608,単勝,16,15000
604212,202508040706,単勝,13,12000
604348,202505050811,単勝,16,15000
604356,202505050812,単勝,18,17000
604406,202508040806,単勝,9,8000
604551,202506050112,単勝,16,13000
604991,202509050206,単勝,10,9000
605347,202506050401,単勝,16,15000
605389,202506050406,単勝,16,15000
605450,202507050401,単勝,14,13000
605791,202507050507,単勝,16,15000
605926,202509050511,単勝,16,15000
606003,202506050608,単勝,16,15000
606070,202507050604,単勝,18,17000
